route,lead_time_bucket,flight_count,avg_price,median_price,min_price,max_price,std_price
ATL-BOS,0-3,5184,371.12132908950616,360.1,136.1,1487.61,134.56285965353416
ATL-BOS,4-7,6398,353.7420819005939,342.2,67.88,1324.1,122.82139225979418
ATL-BOS,8-14,10738,337.23355094058485,326.6,55.78,1717.6,120.42774799577461
ATL-BOS,15-30,18384,311.6011553524805,298.6,55.78,1324.1,108.69995243881277
ATL-BOS,31-60,27111,314.03177381874514,297.2,55.88,1124.6,113.76197846295844
ATL-CLT,0-3,4198,429.62463077656025,408.6,242.2,1881.6,72.269366179661
ATL-CLT,4-7,4875,405.60835487179486,398.1,240.7,1087.1,65.67714834469784
ATL-CLT,8-14,6946,368.58853440829256,358.6,198.6,977.1,74.4731989898846
ATL-CLT,15-30,8543,274.8111471380077,258.6,148.6,1921.6,105.36874459489361
ATL-CLT,31-60,12855,261.70622170361725,233.6,148.6,856.64,104.15988405947837
ATL-DEN,0-3,2770,389.75823826714804,367.2,133.98,1514.6,136.69361616179094
ATL-DEN,4-7,3828,414.8628657262278,398.6,123.98,1514.6,139.32806656543394
ATL-DEN,8-14,7150,434.6622405594406,445.6,113.98,1514.6,145.19160753058415
ATL-DEN,15-30,13314,463.945559561364,454.6,77.78,2001.61,150.88354331902485
ATL-DEN,31-60,18751,420.7992181750307,413.6,92.06,1314.6,137.10227601443378
ATL-DFW,0-3,2927,292.9354526819269,244.6,123.98,2039.6,131.46527108594256
ATL-DFW,4-7,3722,299.45105051047824,263.6,93.0,1094.6,119.71924356157312
ATL-DFW,8-14,6409,301.0766328600406,268.6,72.59,1651.6,131.33507466961495
ATL-DFW,15-30,11223,308.37415396952684,284.61,61.97,1661.6,127.96788245147478
ATL-DFW,31-60,17329,283.93326446996366,268.59,61.97,1671.6,114.98884820458375
ATL-DTW,0-3,4418,443.06307152557724,492.2,69.98,1603.1,189.08925897012702
ATL-DTW,4-7,5915,410.5095486052409,408.6,47.98,1064.61,178.33357590276444
ATL-DTW,8-14,10271,367.22024340375816,390.21,42.79,1451.61,161.20421099062264
ATL-DTW,15-30,12515,274.0914246903716,268.59,42.79,1461.61,126.16484991177296
ATL-DTW,31-60,19151,255.48916923398255,232.1,42.79,988.6,113.1924180880522
ATL-EWR,0-3,3034,254.6467732366513,228.6,68.6,1540.6,114.31083631692921
ATL-EWR,4-7,4156,224.91245668912416,198.6,62.59,1540.6,94.51864784590309
ATL-EWR,8-14,7132,215.27982473359506,198.6,40.59,1540.6,94.92603401251256
ATL-EWR,15-30,13151,245.0565242186906,227.6,40.59,1771.6,117.31082250471081
ATL-EWR,31-60,20538,250.87968497419416,231.1,40.59,1761.61,114.70759087699524
ATL-IAD,0-3,1649,296.35194663432384,210.1,191.6,1270.54,162.54906034363626
ATL-IAD,4-7,2170,299.4765898617511,228.6,183.6,1042.55,168.7579068401046
ATL-IAD,8-14,3862,312.95192905230454,236.1,151.6,1280.6,190.02185850540818
ATL-IAD,15-30,6127,275.73596866329365,228.6,113.6,1651.6,152.0895179245588
ATL-IAD,31-60,9221,249.35722372844594,228.6,113.6,703.14,88.63393594693571
ATL-JFK,0-3,2833,374.9147511471938,338.61,68.6,1916.6,168.6410881773115
ATL-JFK,4-7,3766,351.0865639936272,297.6,68.6,1002.71,152.2406517438207
ATL-JFK,8-14,6779,349.2477946599794,298.6,89.6,1461.61,150.42930063601048
ATL-JFK,15-30,12826,331.72409714642134,297.1,89.6,1546.11,139.25647044352894
ATL-JFK,31-60,18492,321.96007192299373,270.1,89.6,1199.59,150.23655239108987
ATL-LAX,0-3,6906,493.5921894005213,479.58,266.58,2118.6,125.46918179435262
ATL-LAX,4-7,9170,483.2995670665213,488.19,193.99,2138.6,113.14224881212449
ATL-LAX,8-14,15944,468.31008906171604,482.59,176.58,2148.6,123.84082263926908
ATL-LAX,15-30,26447,467.1070926759179,477.21,93.99,2181.6,134.07374675463294
ATL-LAX,31-60,40345,449.70291733796006,453.6,75.99,1018.6,128.3597885840916
ATL-LGA,0-3,4757,255.17766659659446,244.6,77.6,2066.61,93.54178225273623
ATL-LGA,4-7,6276,241.3389770554493,223.98,65.99,1134.6,78.1905501271383
ATL-LGA,8-14,10739,230.081129527889,207.6,65.99,1661.61,88.11619400533652
ATL-LGA,15-30,18982,226.37925561057847,208.21,55.99,1241.61,86.92208723173563
ATL-LGA,31-60,29441,223.4195699874325,206.61,43.98,833.6,84.03968278437567
ATL-MIA,0-3,2580,357.42828294573644,316.59,84.99,2049.6,224.62939553043373
ATL-MIA,4-7,3767,304.28707194053624,298.6,64.59,2049.6,135.86198991246582
ATL-MIA,8-14,6768,285.5098611111111,268.6,30.69,1171.6,141.60544298174258
ATL-MIA,15-30,11816,297.03461831415035,274.6,30.69,1371.61,156.23019298747556
ATL-MIA,31-60,18663,292.83926485559664,244.6,30.69,1761.61,178.23740596340303
ATL-OAK,0-3,2576,622.9036840062113,602.11,283.58,1912.0,194.01688842568328
ATL-OAK,4-7,3510,608.495962962963,607.21,220.68,2187.1,210.05273920115664
ATL-OAK,8-14,6525,606.1127770114942,637.6,181.58,2347.11,239.00760569775525
ATL-OAK,15-30,12093,646.8494269412057,667.6,137.78,2232.1,265.42519400659944
ATL-OAK,31-60,19393,627.7121595421029,627.6,128.78,1957.11,250.75812471634973
ATL-ORD,0-3,3644,308.55662184412733,250.6,110.59,1726.1,182.35853094006745
ATL-ORD,4-7,4517,330.6003365065309,271.58,110.59,1718.6,184.45359689488268
ATL-ORD,8-14,7307,331.47544820035586,278.6,81.59,1718.6,172.10654732024676
ATL-ORD,15-30,11083,301.97105567084725,278.6,42.79,1718.6,113.41069066441504
ATL-ORD,31-60,18377,288.55773466833546,278.6,42.79,1007.43,104.91132403530126
ATL-PHL,0-3,2836,277.1053455571227,241.58,42.98,1627.61,130.37831166404698
ATL-PHL,4-7,3756,266.6768423855165,241.58,40.98,848.6,129.15980309087752
ATL-PHL,8-14,6751,269.39495037772184,248.6,40.98,1591.6,148.03486376809454
ATL-PHL,15-30,11498,275.8465228735433,258.6,33.98,1671.6,153.01215569346547
ATL-PHL,31-60,18125,273.95269903448275,241.6,42.79,1591.6,147.37954203481937
ATL-SFO,0-3,4952,579.1415185783522,577.19,274.0,1859.6,175.87337041589413
ATL-SFO,4-7,5912,571.1960317997293,563.1,192.99,2201.6,140.83569885238978
ATL-SFO,8-14,9094,569.9942016714317,547.2,217.99,1859.6,137.03926725784007
ATL-SFO,15-30,11745,582.538122605364,572.2,75.99,1761.61,146.1397257870884
ATL-SFO,31-60,20753,568.0513877511686,554.6,99.59,1660.7,142.10784182644366
BOS-ATL,0-3,5581,373.018279878158,371.6,92.96,1884.6,134.66720745159603
BOS-ATL,4-7,7094,343.0913574851987,349.21,66.97,1099.6,127.65933868285306
BOS-ATL,8-14,12129,321.74448017148984,318.6,66.97,1021.6,124.70002900613767
BOS-ATL,15-30,19193,297.31738446308555,296.6,66.97,1302.0,111.64002410933819
BOS-ATL,31-60,29977,304.0688331053808,297.2,55.88,1666.6,111.40785422329436
BOS-CLT,0-3,4086,219.84079050416054,167.6,97.6,1703.6,149.2730017596353
BOS-CLT,4-7,5223,202.70173080605014,167.6,78.6,1343.71,115.56300273255961
BOS-CLT,8-14,8521,195.27520830888395,153.6,78.6,1323.0,111.97634839389495
BOS-CLT,15-30,14681,217.07588583883933,198.6,78.6,857.6,100.82065258810098
BOS-CLT,31-60,23426,225.73361777512167,207.6,78.6,1741.61,95.55039910114574
BOS-DEN,0-3,3449,345.40527979124386,327.6,193.2,2373.6,125.669104169157
BOS-DEN,4-7,4231,382.70099740014183,357.6,173.99,1926.0,131.63332093643444
BOS-DEN,8-14,8228,432.74257899854155,407.6,163.78,1926.0,146.1965264331044
BOS-DEN,15-30,16683,482.23744350536475,467.6,134.78,2178.1,153.98776520713986
BOS-DEN,31-60,27246,454.1906433971959,437.6,111.78,2073.71,111.50464427447838
BOS-DFW,0-3,5063,306.989298834683,301.6,123.61,2311.6,157.26796823924272
BOS-DFW,4-7,6381,320.4105986522489,301.6,98.6,1517.6,131.43280560667338
BOS-DFW,8-14,9892,312.4858370400323,300.1,107.6,1526.6,126.27055316341729
BOS-DFW,15-30,16086,328.98726781051846,317.6,106.1,1455.6,107.52360731907139
BOS-DFW,31-60,23753,312.06655664547634,296.6,98.6,1010.61,102.74888341918725
BOS-DTW,0-3,4050,344.1759111111111,339.40999999999997,87.6,1966.6,134.59527809978786
BOS-DTW,4-7,5801,320.47865195655925,318.6,87.6,831.6,114.35851964074995
BOS-DTW,8-14,10264,299.6735405300078,298.6,78.6,1153.61,112.67294103234644
BOS-DTW,15-30,15011,258.988315235494,245.58,78.59,991.59,97.46258957406073
BOS-DTW,31-60,23636,271.5505639702149,268.59,95.16,741.61,97.23875248772136
BOS-EWR,0-3,2206,217.44484587488668,163.6,54.6,1239.6,167.7756892074173
BOS-EWR,4-7,2763,169.77816141874774,122.58,48.6,1098.6,140.21691049486714
BOS-EWR,8-14,4710,150.5973227176221,108.6,48.6,1239.6,127.24118737286277
BOS-EWR,15-30,9102,160.8840584486926,98.6,38.61,1028.61,128.0724017164845
BOS-EWR,31-60,15600,194.93594487179487,148.6,38.61,1028.61,138.55059382635662
BOS-IAD,0-3,1589,240.03495280050345,178.6,54.6,1297.6,158.6660891885498
BOS-IAD,4-7,2203,243.0227825692238,178.1,54.6,1071.6,150.5809503821884
BOS-IAD,8-14,4054,256.41947952639373,208.61,54.6,1431.6,154.4126811630861
BOS-IAD,15-30,8032,276.3051518924303,257.6,44.6,1893.59,151.8756549290614
BOS-IAD,31-60,13158,294.8624532603739,302.61,44.6,1863.6,128.18175944679658
BOS-JFK,0-3,3116,206.4006322207959,153.6,54.6,1631.2,166.08368817004617
BOS-JFK,4-7,4302,203.86336820083682,148.6,48.6,1535.6,139.60409987232217
BOS-JFK,8-14,7587,202.55255700540397,153.6,48.6,1535.6,131.9125811474678
BOS-JFK,15-30,13534,200.5243150583715,158.6,43.6,1535.6,130.39647953862084
BOS-JFK,31-60,20905,193.29060224826597,148.6,43.6,1535.6,119.6107217374356
BOS-LAX,0-3,6774,430.0307248302332,351.6,198.6,3619.6,258.29640920437816
BOS-LAX,4-7,8681,454.49758668356185,387.6,161.58,2655.6,242.26479926877442
BOS-LAX,8-14,15035,484.02880345859666,446.6,170.58,3204.09,216.43049011406902
BOS-LAX,15-30,26682,523.9627831496889,485.35,124.78,3994.61,207.10753075138717
BOS-LAX,31-60,40311,486.47994939346586,473.6,127.96,2744.1,164.5275848254074
BOS-LGA,0-3,4090,180.6549217603912,148.6,54.6,786.1,103.33531686657817
BOS-LGA,4-7,5250,152.42702476190476,118.6,48.6,628.6,97.9630810724902
BOS-LGA,8-14,8664,147.21785895660204,108.6,48.6,951.59,96.10941348462322
BOS-LGA,15-30,17534,136.6507682217406,108.6,43.6,978.6,87.793283032992
BOS-LGA,31-60,28490,148.13024324324323,108.6,43.6,984.2,104.52043326043929
BOS-MIA,0-3,5060,276.87750395256916,237.6,42.79,2273.6,190.70796008081183
BOS-MIA,4-7,6254,226.961909178126,228.6,30.69,2264.6,109.32345915013312
BOS-MIA,8-14,9799,197.77247780385753,172.6,30.69,968.6,96.59816751968327
BOS-MIA,15-30,18321,233.06052890126085,222.6,30.69,968.6,95.62739553633129
BOS-MIA,31-60,31585,253.0371359822701,242.61,30.69,993.6,106.26952043547288
BOS-OAK,0-3,2624,617.4010213414634,601.61,218.58,2177.6,186.21220270641703
BOS-OAK,4-7,3158,624.5053451551615,593.71,178.58,3214.1,198.3388179900484
BOS-OAK,8-14,5421,659.6273270614279,641.71,195.68,3244.09,213.24572604714595
BOS-OAK,15-30,9860,721.4222322515213,686.1,134.78,3244.09,261.1869368896582
BOS-OAK,31-60,15328,715.0601800626305,707.19,129.78,2944.1,256.5618065815818
BOS-ORD,0-3,4335,234.5518362168397,204.6,63.6,2361.61,206.3532561670155
BOS-ORD,4-7,5710,244.953180385289,208.61,56.6,2361.61,161.37017977285566
BOS-ORD,8-14,9766,248.42468769199263,213.6,56.6,2361.61,126.969361327945
BOS-ORD,15-30,16684,261.7052307600096,244.6,63.6,1612.0,114.81042282553936
BOS-ORD,31-60,24029,237.63001290107786,218.6,74.6,2492.4,91.0755762854892
BOS-PHL,0-3,2478,271.3616424535916,224.58,33.97,1916.6,179.1612199715939
BOS-PHL,4-7,3273,241.25092270088604,186.1,33.97,1916.6,143.72994335855185
BOS-PHL,8-14,5742,241.00446534308603,188.6,33.97,1121.61,143.18438492875308
BOS-PHL,15-30,9634,210.01287523354785,188.6,38.98,1581.6,127.80349862400995
BOS-PHL,31-60,13733,204.90540522828226,158.6,33.97,1571.6,127.44088687539536
BOS-SFO,0-3,4809,401.81991682262424,360.11,198.6,2534.6,150.97513724770974
BOS-SFO,4-7,5726,463.0399825358016,413.6,198.6,2415.6,182.45582727513718
BOS-SFO,8-14,11130,552.1975417789758,511.61,185.19,3113.6,220.72253167140158
BOS-SFO,15-30,20638,618.227598604516,584.6,179.6,3149.6,214.26775634594648
BOS-SFO,31-60,32352,555.7066635756677,531.35,142.2,3149.6,168.44207247726294
CLT-ATL,0-3,4584,437.00482111692844,407.1,278.2,1880.1,76.22905861550663
CLT-ATL,4-7,5581,413.1905733739473,407.1,265.2,1355.1,69.32048731719505
CLT-ATL,8-14,7626,381.5802989771833,357.1,141.7,1635.6,87.73571166217307
CLT-ATL,15-30,9200,283.6561695652174,277.1,147.1,1880.1,100.97839640000659
CLT-ATL,31-60,13936,277.372588978186,258.7,147.1,818.1,103.53820454166745
CLT-BOS,0-3,3497,211.91193308550186,177.1,97.1,1664.1,112.48170852434193
CLT-BOS,4-7,4145,215.14762605548856,177.1,77.1,933.1,107.30464097902374
CLT-BOS,8-14,7131,220.88570747440752,186.1,77.1,1760.11,113.86156201737217
CLT-BOS,15-30,13046,230.6903096734631,210.11,77.09,1673.1,107.51311674770484
CLT-BOS,31-60,19287,233.25908435733913,207.11,77.1,800.08,98.8131943245123
CLT-DEN,0-3,2535,415.9747140039448,398.1,171.48,2033.1,196.8081810743474
CLT-DEN,4-7,3418,454.95538033937976,435.1,156.49,1950.1,146.19720608761398
CLT-DEN,8-14,6682,496.62533223585757,473.1,152.49,1882.1,149.79897747469448
CLT-DEN,15-30,13069,521.1211072002449,526.69,121.48,2166.59,143.92839985564885
CLT-DEN,31-60,16484,503.2151280029119,460.7,106.49,2506.69,272.11836853425916
CLT-DFW,0-3,4466,358.2882131661442,292.08,196.49,2209.1,162.3678646100833
CLT-DFW,4-7,5894,370.83524092297256,332.08,172.08,1808.11,149.25634489596524
CLT-DFW,8-14,10969,364.1928115598505,332.1,125.08,1491.51,144.21968482675703
CLT-DFW,15-30,18441,369.48445854346295,332.11,132.49,1748.1,151.1220743604788
CLT-DFW,31-60,27853,353.0739277636161,307.1,102.48,1748.1,149.50493094273563
CLT-DTW,0-3,4429,407.1388304357643,457.1,178.1,2009.1,122.5592133123312
CLT-DTW,4-7,5188,368.5832208943716,366.1,153.08,2009.1,114.8432481679048
CLT-DTW,8-14,8700,332.1911390804598,357.1,122.08,1445.61,107.27891829863147
CLT-DTW,15-30,10356,265.2788856701429,247.1,116.1,1478.1,95.57322594180506
CLT-DTW,31-60,15215,252.09329543213934,227.1,116.1,758.1,80.88633340654786
CLT-EWR,0-3,4040,319.2463787128713,316.1,141.08,1866.1,135.49632278285378
CLT-EWR,4-7,4932,300.9425446066505,297.1,112.08,1458.1,119.57257661196502
CLT-EWR,8-14,8338,272.5810410170305,276.1,101.1,1458.1,90.64692578050371
CLT-EWR,15-30,13518,233.63647433052225,212.1,101.1,1428.1,89.65608957789514
CLT-EWR,31-60,20383,231.27574302114505,206.1,78.28,832.1,89.57828542783378
CLT-IAD,0-3,1450,259.04657931034484,190.1,150.6,2139.11,147.71709304966387
CLT-IAD,4-7,1920,237.46628125,199.1,140.6,1637.1,105.11268744262624
CLT-IAD,8-14,3454,229.3067342211928,180.1,118.1,1283.11,113.36695395735512
CLT-IAD,15-30,6057,224.37535083374607,202.1,101.1,1293.11,106.53803294575005
CLT-IAD,31-60,9156,218.61975535168196,192.1,101.1,1263.1,107.6748278969009
CLT-JFK,0-3,4274,294.69789892372484,217.1,142.1,1692.1,146.50121215813712
CLT-JFK,4-7,5464,292.5681570278184,217.1,120.1,1485.6,134.87804640978752
CLT-JFK,8-14,8460,289.43415484633573,227.1,120.1,1485.6,129.95149243071256
CLT-JFK,15-30,11166,262.1364060540928,210.11,101.1,1770.1,136.5700608173666
CLT-JFK,31-60,16332,250.77820291452363,201.11,101.1,1760.11,127.38723918376385
CLT-LAX,0-3,6038,449.1317820470355,369.1,249.1,3218.7,202.5294601336678
CLT-LAX,4-7,7192,478.499133759733,458.1,226.1,3218.7,199.77168778148518
CLT-LAX,8-14,12318,520.7398895924663,480.71,224.18,3218.7,229.89415346157617
CLT-LAX,15-30,22518,561.1960422772893,535.69,166.1,3218.7,259.5283265271915
CLT-LAX,31-60,35419,527.5867415793783,507.1,178.1,3218.7,206.04344880808844
CLT-LGA,0-3,5455,235.65745187901007,210.1,142.1,2006.1,88.59162329373086
CLT-LGA,4-7,7020,232.9242094017094,199.1,120.1,2174.1,79.12459504534716
CLT-LGA,8-14,11753,231.61002977963074,217.1,101.1,1195.6,72.02735169689704
CLT-LGA,15-30,18399,193.31512310451657,180.1,101.1,949.71,57.591032204259264
CLT-LGA,31-60,29475,187.90930245971163,177.1,101.1,949.71,55.31190620779752
CLT-MIA,0-3,4009,311.77405337989524,210.1,85.08,2184.1,213.25487493464578
CLT-MIA,4-7,5660,288.43974204946994,237.1,43.08,2175.1,128.7633024768723
CLT-MIA,8-14,9966,278.7364589604656,267.1,43.08,1161.1,117.71075906480381
CLT-MIA,15-30,15615,287.1476894012168,307.1,84.08,1558.1,114.08609964161037
CLT-MIA,31-60,22608,294.45202406227884,290.7,55.18,1180.1,128.12537703326316
CLT-OAK,0-3,1132,673.984867491166,621.6,276.28,1475.6,248.6058414838161
CLT-OAK,4-7,1596,685.2958145363409,695.61,236.28,1804.6,256.305157844523
CLT-OAK,8-14,2966,713.7376736345246,735.61,224.18,2076.6,259.0332388089886
CLT-OAK,15-30,5320,742.2410056390977,765.61,187.28,2277.6,267.9624782439309
CLT-OAK,31-60,9084,740.8882661822985,780.61,192.11,2067.61,265.36185848457774
CLT-ORD,0-3,3904,257.9752663934426,210.1,160.7,2060.1,137.5610208592231
CLT-ORD,4-7,4915,267.26561546286877,199.1,133.7,2069.1,139.63540973891068
CLT-ORD,8-14,8316,274.8739321789322,228.1,150.1,1580.05,144.20591181520808
CLT-ORD,15-30,13700,283.01878686131386,254.08,139.08,1773.65,133.77508604547162
CLT-ORD,31-60,21689,264.483925492185,237.1,139.1,1396.09,108.64449749883926
CLT-PHL,0-3,3512,302.33780751708434,288.1,92.49,2108.11,163.23225418948493
CLT-PHL,4-7,4393,304.8004347826087,288.1,42.48,2099.11,148.99833582635458
CLT-PHL,8-14,7164,303.52669318816305,250.7,42.48,1348.1,143.3198062908347
CLT-PHL,15-30,12177,314.6857748213846,302.11,42.48,1358.1,130.19239731497314
CLT-PHL,31-60,18876,301.8774131171858,277.1,52.49,1358.1,117.68430024332345
CLT-SFO,0-3,3681,513.8936267318663,487.1,295.7,2955.7,185.86049695786548
CLT-SFO,4-7,4735,567.3788299894404,573.1,246.1,2955.7,191.25159640473356
CLT-SFO,8-14,8669,619.4004256546315,607.1,246.1,3218.7,204.90303092206491
CLT-SFO,15-30,17712,670.1346256775067,652.1,164.1,3566.1,224.689696139165
CLT-SFO,31-60,25634,646.3588433330733,617.1,164.1,3218.7,293.7951919952537
DEN-ATL,0-3,2931,373.8737461617195,311.58,133.99,2530.6,143.30655841017042
DEN-ATL,4-7,3978,391.9755329311212,378.6,112.99,1314.6,129.1333181191388
DEN-ATL,8-14,7219,419.8109087131182,403.99,112.99,1551.61,140.47219760282857
DEN-ATL,15-30,12819,445.4728410952493,428.6,112.99,2004.6,154.09237422049958
DEN-ATL,31-60,19762,417.7930270215565,399.6,95.16,1661.61,135.36254723233125
DEN-BOS,0-3,3221,359.33561005898787,331.1,133.99,2373.6,136.37402870212912
DEN-BOS,4-7,4227,409.23053465814996,399.1,173.99,2149.6,139.06758788801906
DEN-BOS,8-14,8600,458.75624186046514,444.6,103.99,1794.8,133.77424692632988
DEN-BOS,15-30,16288,490.1685406434185,477.61,117.99,2036.09,130.32105631667807
DEN-BOS,31-60,24273,458.67887117373215,444.59,122.6,1794.8,111.42195885716629
DEN-CLT,0-3,2674,392.231234106208,380.61,173.98,2456.61,167.81588996732302
DEN-CLT,4-7,3591,415.05822890559733,399.6,157.99,1767.59,150.9115397605725
DEN-CLT,8-14,6750,449.40468444444446,431.6,122.98,2029.6,152.04680727736994
DEN-CLT,15-30,11924,478.1691705803422,460.6,107.99,1867.6,149.40956061919158
DEN-CLT,31-60,18145,439.99668669054836,431.6,97.99,1924.6,150.32860811506654
DEN-DFW,0-3,2650,252.55041886792452,202.6,113.98,2131.6,153.55209805421018
DEN-DFW,4-7,3159,245.6927540360874,200.6,98.99,2131.6,119.96811024579293
DEN-DFW,8-14,5138,242.7776177500973,202.6,83.98,2217.6,134.63216517387139
DEN-DFW,15-30,8910,244.28786756453422,217.61,63.99,2283.59,127.8266975111989
DEN-DFW,31-60,14602,277.56442062731134,216.6,63.99,2283.59,266.25026280191537
DEN-DTW,0-3,2372,376.075244519393,336.61,161.58,2360.61,144.4057504909181
DEN-DTW,4-7,3118,402.70627004490063,388.6,139.58,1697.6,126.64677217665538
DEN-DTW,8-14,5889,428.8269536423841,424.1,139.58,1658.6,133.86199211364618
DEN-DTW,15-30,10510,454.2635794481446,445.59,117.96,1983.6,143.19698943366862
DEN-DTW,31-60,15730,426.9151519389701,420.2,74.78,2374.11,168.64785138917696
DEN-EWR,0-3,2973,341.2835317860747,321.1,146.1,2227.6,129.58528827502153
DEN-EWR,4-7,3620,370.9522679558011,348.6,146.1,2197.59,129.37671449562836
DEN-EWR,8-14,6810,407.5711835535977,402.19,134.78,1128.6,125.71438712478437
DEN-EWR,15-30,12955,438.47785874179857,426.1,151.68,2107.6,126.51936736943293
DEN-EWR,31-60,18465,434.14485296506905,418.6,95.16,2107.6,137.33715901971837
DEN-IAD,0-3,2098,370.4583794089609,305.61,285.6,2199.6,158.42973425973685
DEN-IAD,4-7,2600,413.1542653846154,366.1,259.6,2065.6,166.05125943371132
DEN-IAD,8-14,4588,453.02117916303405,429.6,203.6,2065.6,176.31890566710143
DEN-IAD,15-30,9276,509.5906112548512,481.6,183.6,2069.61,212.67794192861248
DEN-IAD,31-60,13702,466.67053568822075,453.1,192.6,2065.6,165.96872471882966
DEN-JFK,0-3,3403,490.8900176315016,545.61,138.6,1554.6,189.43601150356676
DEN-JFK,4-7,4751,506.01532940433594,552.21,138.6,1257.6,166.07207267313
DEN-JFK,8-14,8882,528.3363668092773,565.6,124.61,1841.6,154.85775561894147
DEN-JFK,15-30,16891,540.8600426262507,571.2,118.6,2333.6,143.65043964521877
DEN-JFK,31-60,25834,527.7750178059921,573.2,103.6,1280.71,147.51377014840014
DEN-LAX,0-3,5333,279.24962497656105,244.6,64.58,2273.61,123.94678442647984
DEN-LAX,4-7,6141,262.8486793681811,241.6,52.58,1693.6,116.9840001375155
DEN-LAX,8-14,9963,256.59136003211887,218.6,71.58,1693.6,125.12236519279296
DEN-LAX,15-30,17435,266.1306745053054,232.6,53.99,1162.6,123.17523723190911
DEN-LAX,31-60,26554,264.7695571288695,232.6,43.98,1162.6,109.59445664844557
DEN-LGA,0-3,3171,292.73867865026807,273.6,138.6,1644.6,106.87159674270572
DEN-LGA,4-7,3898,319.51312981015906,301.6,138.6,827.6,103.07869175052024
DEN-LGA,8-14,7098,352.49207664130745,348.6,138.6,1287.61,105.37293492219561
DEN-LGA,15-30,13663,385.0221408182683,372.6,133.61,1302.6,104.43376449185656
DEN-LGA,31-60,20244,357.19091928472636,353.405,95.16,1387.1,96.15439991760111
DEN-MIA,0-3,2707,423.0456667898043,370.6,158.98,2705.61,135.11486107009986
DEN-MIA,4-7,3738,418.4131781701445,381.6,83.59,1488.6,121.31845967170959
DEN-MIA,8-14,6645,426.8679097065463,426.1,70.59,1488.6,139.76017930866144
DEN-MIA,15-30,12014,447.48072165806565,437.2,42.79,2069.61,149.20105626172648
DEN-MIA,31-60,20715,426.77423364711564,427.6,55.0,1822.6,152.3827932455161
DEN-OAK,0-3,1864,413.5113090128756,460.1,79.98,1450.51,157.5311076090142
DEN-OAK,4-7,2538,412.58257683215135,477.2,67.88,1603.7,162.95546181982576
DEN-OAK,8-14,4590,402.4878191721133,472.71,60.79,1012.0,168.4023275722905
DEN-OAK,15-30,7950,400.20076603773583,477.2,48.69,2923.6,187.60134550397532
DEN-OAK,31-60,12434,386.3138089110504,438.59,58.99,2713.6,166.08627505714946
DEN-ORD,0-3,2798,344.88833095067906,289.6,208.58,1987.6,133.78002914633092
DEN-ORD,4-7,3633,389.6964602257088,348.6,208.58,1978.6,150.65743900813786
DEN-ORD,8-14,5931,398.67965267239924,364.2,172.6,1978.6,149.83305091902776
DEN-ORD,15-30,10647,422.255811965812,408.6,162.6,2274.61,160.7847136426745
DEN-ORD,31-60,17096,402.4268899157698,387.61,123.58,2060.6,161.54656406722685
DEN-PHL,0-3,3070,404.11279804560263,369.1,132.99,2097.6,119.74541490743516
DEN-PHL,4-7,3982,429.2927448518332,389.61,83.97,2088.6,148.9114643172207
DEN-PHL,8-14,6729,447.0517238817061,434.01,122.98,2088.6,159.90580090131513
DEN-PHL,15-30,13124,480.18979198415116,482.21,103.99,2269.6,145.36037890420087
DEN-PHL,31-60,19554,449.4172379052879,448.6,95.16,2069.61,134.6690671557962
DEN-SFO,0-3,3315,329.5248295625943,253.6,133.98,1326.6,153.2680083602465
DEN-SFO,4-7,4302,325.7305090655509,241.6,113.98,1326.6,148.07632603511894
DEN-SFO,8-14,7818,333.61310693271935,283.6,113.98,1849.6,150.3600292760454
DEN-SFO,15-30,12923,335.7819020351312,318.59,75.99,1810.6,144.3535846120413
DEN-SFO,31-60,19150,314.24209712793737,288.6,58.99,1849.6,148.9316011777859
DFW-ATL,0-3,2703,286.22984831668515,252.61,126.98,2039.6,122.64506908675364
DFW-ATL,4-7,3626,290.70178433535574,260.595,92.99,1054.6,111.2473276463604
DFW-ATL,8-14,6502,291.35979544755463,263.995,72.59,1591.6,118.19304315123861
DFW-ATL,15-30,11695,309.0429337323643,279.6,61.97,1889.6,134.53070676161266
DFW-ATL,31-60,18554,291.0236024576911,268.6,66.99,1681.59,115.15122635997284
DFW-BOS,0-3,4223,335.740854842529,311.6,150.1,2320.6,146.49390945591338
DFW-BOS,4-7,5300,353.85504528301885,331.6,123.61,2311.6,107.94527024014607
DFW-BOS,8-14,8724,360.4779424575883,347.61,98.6,1517.6,109.29608577555109
DFW-BOS,15-30,15306,353.64746831307986,347.61,98.6,1526.6,98.0681076967414
DFW-BOS,31-60,20724,325.65178971241073,301.6,106.1,1007.6,104.7394410969472
DFW-CLT,0-3,3859,376.4046929256284,333.6,173.99,2210.6,182.32138138571938
DFW-CLT,4-7,5054,378.07866244558767,348.61,153.99,1670.55,142.9544449926418
DFW-CLT,8-14,8898,363.03708136659924,333.6,123.98,2210.6,139.01898893452358
DFW-CLT,15-30,14947,355.7025449923062,333.6,103.98,1753.55,133.3444663455916
DFW-CLT,31-60,23533,327.2747766965538,295.58,75.99,1208.55,128.3017540877235
DFW-DEN,0-3,2376,281.80213383838384,232.6,113.98,2131.6,138.89791092253617
DFW-DEN,4-7,3171,294.8179028697572,257.6,103.99,2131.6,144.3781603834018
DFW-DEN,8-14,5557,297.717914342271,266.58,83.98,1639.61,144.62536694442613
DFW-DEN,15-30,9474,287.71526915769476,257.6,63.99,2283.59,146.10516502676975
DFW-DEN,31-60,15410,307.69270084360807,251.61,63.99,1952.6,269.97527877052994
DFW-DTW,0-3,4272,461.9944920411985,498.6,148.58,2023.6,103.1620689571916
DFW-DTW,4-7,4848,425.846074669967,429.6,133.99,1082.6,111.34079622391651
DFW-DTW,8-14,6922,375.2738283733025,349.59,109.78,1028.6,117.54180568839722
DFW-DTW,15-30,11474,352.2798073906223,342.105,99.16,1041.59,120.60376405254152
DFW-DTW,31-60,17754,317.84143742255264,304.6,80.16,1091.6,106.98851208288959
DFW-EWR,0-3,3385,337.3931432791728,312.1,95.6,2470.59,185.57178370955955
DFW-EWR,4-7,4684,354.6481874466268,322.1,104.6,2044.6,148.0259524266737
DFW-EWR,8-14,7853,341.4499834458169,314.6,78.6,2044.6,131.2029837692785
DFW-EWR,15-30,13422,336.84927432573386,315.6,104.78,1665.6,118.74613833977155
DFW-EWR,31-60,22505,338.0337524994446,325.58,95.78,1428.6,105.60417162874225
DFW-IAD,0-3,2080,354.01172596153845,305.61,285.6,2408.6,127.44719307711001
DFW-IAD,4-7,2577,365.20347691113705,335.6,259.6,2408.6,136.87227817573242
DFW-IAD,8-14,4554,364.45759332454986,348.595,183.6,2408.6,126.35036338623192
DFW-IAD,15-30,8727,371.8460123753867,355.59,172.6,1994.6,127.03354821687164
DFW-IAD,31-60,13070,356.4648584544759,348.6,172.6,1033.11,108.6087363858675
DFW-JFK,0-3,2066,384.24738625363017,327.6,103.1,2601.6,196.22335436758448
DFW-JFK,4-7,2856,388.1099649859944,347.4,104.6,1234.6,157.15182999893048
DFW-JFK,8-14,5084,387.7997678992919,352.62,101.6,1666.6,155.35484184415944
DFW-JFK,15-30,8760,372.7410502283105,335.6,68.6,1332.2,152.19828525980336
DFW-JFK,31-60,14695,357.58190541000346,323.2,77.6,1011.6,151.87247989018854
DFW-LAX,0-3,6331,331.86597062075504,305.61,123.98,2499.6,99.86831633284923
DFW-LAX,4-7,8250,330.76697090909096,296.61,93.99,1368.6,87.68984280432109
DFW-LAX,8-14,14362,337.8656510235344,326.6,98.59,1368.6,101.33174720587135
DFW-LAX,15-30,24077,344.0027902147278,335.6,88.59,1368.6,110.8436096411453
DFW-LAX,31-60,35810,330.3822725495672,310.6,75.99,1782.61,148.95640662673833
DFW-LGA,0-3,4929,258.1032988435788,228.6,87.6,2505.6,107.99750323514183
DFW-LGA,4-7,6024,262.3461470783532,259.6,87.6,1098.6,83.35666428627871
DFW-LGA,8-14,10619,277.86072699877576,259.6,87.6,2114.6,92.39576999096494
DFW-LGA,15-30,18519,280.004509422755,259.6,68.59,1057.2,86.19167595208995
DFW-LGA,31-60,31022,275.466923151312,243.6,61.97,1097.2,99.70854188173081
DFW-MIA,0-3,4849,365.4974077129305,305.61,153.99,2371.6,172.20183584510096
DFW-MIA,4-7,6331,340.48571947559634,294.6,71.98,1064.6,114.69968977219835
DFW-MIA,8-14,9678,308.4932176069436,268.6,61.97,1829.6,117.8268966286716
DFW-MIA,15-30,15690,300.3064308476737,283.6,59.99,1869.6,125.57937308375558
DFW-MIA,31-60,26854,284.278752885976,257.6,55.0,763.6,101.94499810241473
DFW-OAK,0-3,3019,521.0471712487579,557.11,150.58,1592.4,176.08196727570575
DFW-OAK,4-7,4097,507.1287917988773,552.7,107.68,1407.6,186.2575080651107
DFW-OAK,8-14,7605,494.8273951347798,552.7,77.58,1167.6,201.24381255664161
DFW-OAK,15-30,12672,486.1300654987374,552.7,99.16,1262.0,212.73796518881372
DFW-OAK,31-60,19816,485.41101029471133,536.1,75.99,1874.6,206.71175326710895
DFW-ORD,0-3,3123,353.99399295549154,318.6,167.59,2249.6,153.76710529756122
DFW-ORD,4-7,4396,366.93682893539585,347.61,132.59,2249.6,132.76288833239767
DFW-ORD,8-14,7955,357.32880578252673,338.61,82.59,1659.6,127.39077302686854
DFW-ORD,15-30,14471,360.9843721926612,342.6,82.59,1754.6,131.55149161566993
DFW-ORD,31-60,21428,326.71553528094086,299.6,72.59,1187.56,118.93376715563417
DFW-PHL,0-3,3687,357.6692839707079,305.61,103.99,2271.6,147.95411439218256
DFW-PHL,4-7,4657,368.01943311144515,330.61,102.99,1234.6,129.69658866211256
DFW-PHL,8-14,8000,363.8165025,368.6,92.68,1234.6,121.36589688410547
DFW-PHL,15-30,13841,377.2326457625894,403.6,92.68,1264.6,120.44185037765098
DFW-PHL,31-60,23453,366.9512714791285,378.6,61.68,922.1,117.649988369636
DFW-SFO,0-3,2637,336.8785817216534,322.6,118.98,2203.6,120.08150745372062
DFW-SFO,4-7,3440,378.370125,368.6,108.99,1377.6,126.28697200012458
DFW-SFO,8-14,6316,405.3172593413553,383.1,122.98,1889.6,127.91446225236233
DFW-SFO,15-30,10849,409.96646603373586,391.61,75.99,1889.6,113.20966670372515
DFW-SFO,31-60,15865,406.3438644815632,377.2,75.99,1924.6,208.27640812418642
DTW-ATL,0-3,4780,441.22651882845196,500.2,65.59,1282.15,192.4164489750643
DTW-ATL,4-7,6420,409.03345327102807,419.2,47.98,1282.15,176.50984880513857
DTW-ATL,8-14,10996,369.6126573299382,404.6,42.79,1151.61,158.74102371684918
DTW-ATL,15-30,13147,264.2138731269491,253.6,42.79,881.6,122.3033158362242
DTW-ATL,31-60,18588,253.72432698515172,220.1,42.79,1059.33,130.41301972557855
DTW-BOS,0-3,3812,331.8135991605456,320.58,78.6,1557.1,131.21412399677993
DTW-BOS,4-7,5073,304.76179381036866,298.6,78.6,1688.6,116.76533400091276
DTW-BOS,8-14,8781,282.5663455187336,270.19,78.6,1261.6,110.55223293320662
DTW-BOS,15-30,13754,254.31821142940237,231.6,78.59,1955.0,106.57017207478339
DTW-BOS,31-60,19854,259.7128533293039,237.1,78.6,1955.0,104.11914809719933
DTW-CLT,0-3,4147,393.28925970581145,458.6,171.6,2010.6,141.2571702513744
DTW-CLT,4-7,5138,356.4785305566368,367.6,151.59,1487.1,121.34368172031387
DTW-CLT,8-14,8702,327.2989220868766,358.6,120.78,1447.11,125.72185385908278
DTW-CLT,15-30,10843,258.5084155676473,243.69,90.16,1303.6,96.62508443473597
DTW-CLT,31-60,16154,253.94659527052121,223.6,90.16,913.67,101.0451462244985
DTW-DEN,0-3,2284,377.39306917688265,338.61,139.58,2040.1,143.7574206252949
DTW-DEN,4-7,3007,394.09269704023944,380.2,119.58,1167.1,131.96705529074828
DTW-DEN,8-14,5237,408.8917433645217,407.6,117.96,1137.6,127.51055453115116
DTW-DEN,15-30,9389,433.41941420811594,425.6,74.78,1152.6,131.5151685678896
DTW-DEN,31-60,14782,425.5848626708159,418.2,117.96,2269.1,205.20290276238515
DTW-DFW,0-3,4290,455.2321934731935,498.6,103.99,2023.6,137.67077987976276
DTW-DFW,4-7,4787,408.6832149571757,417.2,128.58,2023.6,119.01621462907772
DTW-DFW,8-14,7151,362.4700069920291,338.6,99.16,1487.1,118.79604667888329
DTW-DFW,15-30,10962,349.3995812807882,337.61,97.59,987.61,133.07241957534106
DTW-DFW,31-60,18269,339.55114018282336,313.6,90.16,1058.93,142.477098815422
DTW-EWR,0-3,2696,313.0512166172107,276.1,127.6,1297.6,139.93128273210954
DTW-EWR,4-7,3534,251.37589983022073,247.6,122.58,1309.6,84.18961768217535
DTW-EWR,8-14,6114,225.34964834805365,217.6,77.78,1147.6,67.800987359721
DTW-EWR,15-30,10221,216.4872478231093,203.58,67.88,1248.59,91.90261091046678
DTW-EWR,31-60,16517,236.76568868438576,226.1,86.78,931.68,100.13706274626739
DTW-IAD,0-3,1274,233.75722919937206,181.6,157.1,1297.6,118.17409089064817
DTW-IAD,4-7,1701,228.85841857730745,179.6,156.1,1122.55,109.43488350840258
DTW-IAD,8-14,3120,232.46185256410257,181.6,119.6,1066.61,122.61238179238518
DTW-IAD,15-30,5236,230.83256493506494,206.1,93.6,1196.61,118.98312560610313
DTW-IAD,31-60,7839,216.18090062507974,206.1,93.6,719.61,90.25584053995944
DTW-JFK,0-3,2193,400.97631554947566,407.6,123.61,1499.1,166.94636226155848
DTW-JFK,4-7,2756,372.2124092888244,357.6,102.6,917.09,166.71218483051166
DTW-JFK,8-14,5044,372.53635210150674,388.6,102.6,1211.6,170.1560242316672
DTW-JFK,15-30,9334,358.399953931862,332.2,88.6,1271.6,168.59433484830456
DTW-JFK,31-60,15139,355.6958722504789,328.6,88.6,1271.6,154.25736783698858
DTW-LAX,0-3,5454,468.87396589658965,422.855,103.99,1992.6,145.76601472787004
DTW-LAX,4-7,7450,467.13429798657717,461.61,153.99,2269.6,139.76749805190755
DTW-LAX,8-14,13113,472.5179066575155,484.21,158.59,2475.6,149.30253318258684
DTW-LAX,15-30,22096,481.75978910209994,490.09,110.78,2269.6,143.8340109096488
DTW-LAX,31-60,35980,465.9943768760422,471.61,108.97,2059.6,135.03211660220052
DTW-LGA,0-3,3618,261.6180292979547,239.6,82.59,1687.6,121.00991261654971
DTW-LGA,4-7,4777,232.06503244714253,200.6,67.97,761.61,83.51732624433387
DTW-LGA,8-14,8328,213.87168347742556,181.6,65.0,1481.6,87.3151566688146
DTW-LGA,15-30,13119,194.58807454836497,172.6,48.79,1541.61,91.24169397203933
DTW-LGA,31-60,21040,205.71467823193916,181.1,48.79,1561.6,95.79523593143928
DTW-MIA,0-3,3155,335.84608240887485,305.61,144.58,1693.6,125.64950726862392
DTW-MIA,4-7,4070,294.2645012285012,294.6,62.0,722.2,98.3906407460518
DTW-MIA,8-14,6573,258.42417008976116,217.61,42.79,1318.6,108.5875741485371
DTW-MIA,15-30,11633,274.40159546118804,257.6,42.79,1318.6,129.3324986451997
DTW-MIA,31-60,18623,291.6305718734898,247.61,42.79,1343.6,143.22125916734095
DTW-OAK,0-3,2207,566.2237698232896,607.61,183.98,1703.11,189.23187087815046
DTW-OAK,4-7,2830,557.965780918728,607.11,143.98,1625.1,207.0075679625921
DTW-OAK,8-14,4907,565.6154595475851,607.61,133.59,1287.61,223.91124780503463
DTW-OAK,15-30,8773,606.4304502450701,690.11,110.78,1446.1,244.23384844439613
DTW-OAK,31-60,15235,603.8515923859534,652.71,148.96,1857.11,232.7671057189221
DTW-ORD,0-3,1677,294.9264519976148,211.6,142.19,1675.6,195.87498393946902
DTW-ORD,4-7,2134,286.8193626991565,206.85500000000002,135.2,1675.6,199.87052023578107
DTW-ORD,8-14,3569,259.406085738302,202.6,119.6,1573.6,151.97221916406548
DTW-ORD,15-30,6244,259.5199551569507,239.1,108.6,1631.61,126.24344480463509
DTW-ORD,31-60,10839,254.57428360549866,234.61,108.6,1481.6,106.5252693726312
DTW-PHL,0-3,2943,435.17449881073736,508.6,124.59,1627.61,159.69317055774746
DTW-PHL,4-7,3462,380.395,377.6,67.0,1627.61,146.43225585425205
DTW-PHL,8-14,5566,329.8589004671218,366.1,67.0,1637.11,124.9268534036
DTW-PHL,15-30,8698,296.6428615773741,288.6,65.0,1481.6,116.06903935523327
DTW-PHL,31-60,13670,293.104174835406,282.2,55.0,1461.61,124.55224648311335
DTW-SFO,0-3,4470,568.1758008948545,598.61,213.99,1972.6,157.50890790245626
DTW-SFO,4-7,5545,584.3683192064924,569.6,187.99,1978.2,206.55544623985242
DTW-SFO,8-14,8682,608.4759905551716,539.35,213.99,7548.6,281.936294533689
DTW-SFO,15-30,14469,622.870225309282,601.61,193.99,3537.59,205.88941017727268
DTW-SFO,31-60,23896,578.911567626381,552.7,93.99,2690.2,215.9487108693793
EWR-ATL,0-3,2952,272.0981775067751,223.6,61.97,2269.1,171.3924375753275
EWR-ATL,4-7,3891,218.30665638653304,193.6,30.69,1447.6,94.91527035130379
EWR-ATL,8-14,6782,214.5605735771159,198.6,30.69,1540.6,109.12080931023092
EWR-ATL,15-30,12493,239.99229568558394,223.6,30.69,1741.61,111.05896161012537
EWR-ATL,31-60,19372,245.82651868676442,236.1,40.6,954.6,89.87239559394793
EWR-BOS,0-3,1970,206.81465989847715,163.6,54.6,1197.61,149.1199427285336
EWR-BOS,4-7,2664,175.94606981981983,135.58,48.6,1309.6,129.45596497864005
EWR-BOS,8-14,4628,153.6841573033708,118.6,48.6,1239.6,111.34351946448122
EWR-BOS,15-30,8703,154.42823049523153,118.6,38.61,856.61,113.72212814792447
EWR-BOS,31-60,14152,182.08920929903903,158.6,38.61,781.6,116.2427560231315
EWR-CLT,0-3,4127,352.6520911073419,349.61,141.96,1867.6,185.40684711941594
EWR-CLT,4-7,5465,305.9740292772187,298.6,108.68,1489.6,119.23985954524433
EWR-CLT,8-14,8975,270.57430640668525,258.6,55.68,1274.6,95.35198896605935
EWR-CLT,15-30,13575,224.27483609576427,207.6,55.68,2023.61,84.26497222118299
EWR-CLT,31-60,21018,225.4977571605291,204.61,55.68,2023.61,87.72977019251084
EWR-DEN,0-3,2849,383.1576798876799,323.6,138.6,2326.09,180.20607300167978
EWR-DEN,4-7,3709,393.61272040981396,367.6,138.6,1348.6,127.35525732873948
EWR-DEN,8-14,6676,420.0668768723787,418.6,135.58,2274.6,135.91063154208973
EWR-DEN,15-30,13149,462.49640048672904,427.6,112.6,2148.7,147.3654489246412
EWR-DEN,31-60,19103,446.90603151337484,426.1,103.6,1406.1,142.69517698108803
EWR-DFW,0-3,3235,311.46317774343123,254.6,78.6,2452.6,209.80648829316797
EWR-DFW,4-7,4179,312.894895908112,298.6,68.6,2160.6,153.3014311821525
EWR-DFW,8-14,6829,299.15848440474446,285.1,68.6,1597.6,121.42687087444578
EWR-DFW,15-30,12462,320.3539584336383,298.6,78.6,1435.09,118.46106241484074
EWR-DFW,31-60,21282,330.47289446480596,318.6,85.6,768.61,104.86521872791505
EWR-DTW,0-3,2685,359.62500931098697,293.61,143.6,1630.61,193.2699923767919
EWR-DTW,4-7,3549,263.04396449704143,248.6,121.96,1239.6,81.00973001485632
EWR-DTW,8-14,6232,239.431830872914,231.59,79.98,1281.6,85.09553739765667
EWR-DTW,15-30,10712,236.59623786407766,220.58,67.88,1471.6,106.85184706154428
EWR-DTW,31-60,17279,259.0976144452804,241.11,72.68,1461.61,109.81336329483813
EWR-IAD,0-3,2514,399.3608273667462,369.1,109.2,2052.1,194.95643982438946
EWR-IAD,4-7,3567,353.1692374544435,338.6,103.2,1098.6,134.99816488847028
EWR-IAD,8-14,6385,336.5347094753328,331.6,103.2,1284.6,115.81960225182789
EWR-IAD,15-30,9356,314.95317336468577,336.7,98.2,1284.6,117.60733243814241
EWR-IAD,31-60,14232,335.3165458122541,351.09,109.2,1728.6,144.42489617641982
EWR-LAX,0-3,5580,436.21108602150537,385.2,107.6,2598.6,197.5436869871432
EWR-LAX,4-7,6819,426.1365258835607,382.6,138.6,2261.6,168.70018091497312
EWR-LAX,8-14,11751,430.6889881712195,392.61,126.6,3304.61,154.9100229441288
EWR-LAX,15-30,20393,466.84868827538867,448.6,126.6,3304.61,145.66979187824057
EWR-LAX,31-60,33618,458.91420518769706,456.1,109.59,3304.61,131.40206462435265
EWR-LGA,31-60,23,151.42434782608697,158.6,44.6,308.6,66.12797893795765
EWR-MIA,0-3,2517,297.4393921334922,228.6,66.97,2207.6,250.8957376072998
EWR-MIA,4-7,3455,242.69373371924746,218.61,30.69,1957.6,158.48493977049546
EWR-MIA,8-14,5982,222.25128050819123,205.58,30.69,1957.6,129.19425419551825
EWR-MIA,15-30,10352,232.77408230293662,221.21,30.69,1138.6,105.22683931171426
EWR-MIA,31-60,17119,255.63585022489633,236.1,30.69,1138.6,103.79900355297733
EWR-OAK,0-3,1446,577.1596749654219,589.61,200.58,1736.1,143.52697831338097
EWR-OAK,4-7,1793,556.4989068600112,579.6,157.68,1550.7,138.59995421984055
EWR-OAK,8-14,3357,581.2613404825737,581.6,146.58,2644.6,189.48476772378024
EWR-OAK,15-30,5695,611.7996242317823,611.59,126.58,2503.09,221.451065870784
EWR-OAK,31-60,9552,611.1673084170855,623.19,126.58,2283.11,185.56521580425473
EWR-ORD,0-3,4019,317.32486190594676,233.2,85.6,1990.1,251.29691854405183
EWR-ORD,4-7,5027,267.20412572110604,228.6,85.6,1982.6,153.26421519538502
EWR-ORD,8-14,8551,257.7056297509063,228.6,85.6,1982.6,125.21701056786831
EWR-ORD,15-30,16013,273.6234977830513,253.61,67.88,1654.6,113.01568771622759
EWR-ORD,31-60,25288,278.9011179215438,258.6,65.88,1498.61,117.0939974960394
EWR-PHL,0-3,2912,464.1031696428571,481.1,137.2,1817.59,139.48625053298764
EWR-PHL,4-7,3936,453.16024898373985,450.555,116.6,2153.59,173.00770279739422
EWR-PHL,8-14,6953,449.18432475190565,441.6,116.6,2163.59,199.87244793112774
EWR-PHL,15-30,11634,429.4074454186006,401.11,102.2,2163.59,232.43628795218478
EWR-PHL,31-60,19183,422.8153589115363,401.11,44.6,1863.6,210.5860119036216
EWR-SFO,0-3,4527,502.79721228186435,408.6,258.6,2300.1,219.00182053756296
EWR-SFO,4-7,5470,497.0166234003657,438.6,153.6,3498.6,196.88543468323573
EWR-SFO,8-14,9282,498.52703512174105,481.6,121.6,3424.6,194.37578067902078
EWR-SFO,15-30,15264,543.5541515985325,527.21,117.6,3424.6,206.88018491544221
EWR-SFO,31-60,20735,510.0222088256571,492.6,98.6,3424.6,169.20794946571584
IAD-ATL,0-3,1500,282.49300666666664,211.6,191.6,1681.11,136.95390219210165
IAD-ATL,4-7,1935,263.9597260981912,228.6,183.6,762.55,105.30125514217032
IAD-ATL,8-14,3371,265.58022841886685,228.6,151.6,1681.11,124.58358738245322
IAD-ATL,15-30,5890,263.6160662139219,228.6,113.6,1591.6,123.25166670675578
IAD-ATL,31-60,9365,267.33502509343305,237.6,113.6,670.55,108.0242641458203
IAD-BOS,0-3,1723,316.88221125943124,307.6,43.6,1239.6,165.63336000766978
IAD-BOS,4-7,2712,336.23692846607673,371.1,43.6,1637.59,150.7807514831436
IAD-BOS,8-14,5561,344.65629563028233,371.1,54.6,1627.6,159.50802345377878
IAD-BOS,15-30,10143,334.7568391994479,371.1,44.6,1873.6,160.4113308756758
IAD-BOS,31-60,14503,331.1274956905468,368.1,44.6,1883.6,136.56244496263253
IAD-CLT,0-3,1587,305.60659735349714,211.61,152.1,1638.6,207.53454698604338
IAD-CLT,4-7,2190,269.94812328767125,211.61,156.7,1638.6,151.26257829094
IAD-CLT,8-14,4007,259.28779885200896,211.61,119.6,1638.6,143.06344358364754
IAD-CLT,15-30,6651,258.01653585926925,243.6,102.6,1294.61,128.12240201069568
IAD-CLT,31-60,10389,241.85883819424393,218.6,102.6,1274.6,111.96892152320379
IAD-DEN,0-3,1952,435.35444159836067,367.6,285.6,2190.6,190.9429343469744
IAD-DEN,4-7,2764,474.17515557163534,454.6,259.6,2029.6,166.96307275475885
IAD-DEN,8-14,5400,507.92482407407414,488.6,194.6,2074.6,195.49771259619644
IAD-DEN,15-30,11105,529.9890670868978,498.6,183.6,2074.6,225.7933647533449
IAD-DEN,31-60,15627,482.54275932680616,484.6,183.6,2065.6,164.7469421580948
IAD-DFW,0-3,2408,383.358799833887,305.61,285.6,2408.6,158.12389888344524
IAD-DFW,4-7,2921,374.7472851763095,346.11,259.6,2408.6,120.07367439134836
IAD-DFW,8-14,5236,375.4861115355233,360.19,183.6,1943.6,119.35964947676008
IAD-DFW,15-30,8539,375.1558074716009,357.6,172.6,1869.6,130.2525405523641
IAD-DFW,31-60,13002,370.068628672512,357.6,172.6,1428.6,125.65965247910019
IAD-DTW,0-3,1088,302.1570680147059,248.6,170.6,1603.1,184.43014366306696
IAD-DTW,4-7,1391,260.63746225736884,218.6,159.6,1147.6,124.46716231858731
IAD-DTW,8-14,2633,267.4639308773263,218.6,119.6,1356.61,155.2938131392297
IAD-DTW,15-30,4603,265.0083467303932,218.6,93.6,1248.59,150.70789312760058
IAD-DTW,31-60,7366,247.38450448004343,218.6,93.6,1248.59,123.50830825980005
IAD-EWR,0-3,2523,378.75575108997225,353.71,109.2,1239.6,156.878630572535
IAD-EWR,4-7,3690,355.23642005420055,338.6,113.2,1284.6,134.6866813257375
IAD-EWR,8-14,6889,335.1279677747133,318.59,103.2,1284.6,116.12885755395628
IAD-EWR,15-30,9713,311.387138886029,328.6,88.21,1284.6,121.89225699797966
IAD-EWR,31-60,15028,326.52324128293856,351.09,83.21,1279.6,138.06232316600415
IAD-JFK,0-3,2211,432.08612392582546,407.2,293.7,1784.6,94.14315453947499
IAD-JFK,4-7,2815,425.2342273534636,409.6,248.6,856.61,88.10457728653795
IAD-JFK,8-14,5200,414.85755000000006,400.6,158.6,1481.6,103.88394926172072
IAD-JFK,15-30,7872,389.35874237804876,398.09,98.6,1471.6,113.08712724673869
IAD-JFK,31-60,11932,388.5792792490781,412.405,98.6,1101.61,116.65982943831376
IAD-LAX,0-3,3588,453.1957859531773,407.6,330.6,2681.6,157.53467858018433
IAD-LAX,4-7,4573,483.88450470150894,467.6,240.6,2296.6,143.08767175103165
IAD-LAX,8-14,8461,538.8300673679234,528.59,132.61,2296.6,168.5327931939557
IAD-LAX,15-30,16928,581.197635278828,567.6,177.61,2373.11,146.69625820049643
IAD-LAX,31-60,25841,548.268668008204,534.19,171.1,2784.61,145.52663887112902
IAD-LGA,0-3,5175,452.15739903381643,422.2,263.71,1797.61,123.66447526495757
IAD-LGA,4-7,7049,444.3267442190382,423.11,222.7,2167.6,139.97803734256834
IAD-LGA,8-14,13108,432.8584307293256,423.11,158.6,2274.1,155.3484248043918
IAD-LGA,15-30,22196,395.82447693278067,407.2,98.6,2237.61,162.88359656335334
IAD-LGA,31-60,38473,399.65542198424873,421.1,98.6,2414.11,179.6638390409163
IAD-MIA,0-3,1648,390.6983919902913,383.4,106.1,1682.59,144.83081366850155
IAD-MIA,4-7,1984,346.078064516129,317.6,118.6,986.1,126.51009757200868
IAD-MIA,8-14,3636,329.33330308030804,316.1,98.6,1809.61,126.43638652034444
IAD-MIA,15-30,7844,345.80154385517596,335.2,88.61,1759.61,116.3520055823494
IAD-MIA,31-60,12801,356.39587766580735,351.6,112.6,1028.61,112.79936568726967
IAD-OAK,0-3,2072,713.6938996138996,666.1,351.6,2234.1,196.98371290349695
IAD-OAK,4-7,3012,732.8818227091634,711.04,321.6,2513.69,177.77291698619482
IAD-OAK,8-14,5484,766.9632458059812,746.405,352.7,2518.69,185.9669833182327
IAD-OAK,15-30,8870,797.3348196166855,772.2,383.1,2498.1,212.21305235645977
IAD-OAK,31-60,12001,768.0530289142572,756.1,311.11,3016.1,177.1335145028553
IAD-ORD,0-3,1926,352.2358515057113,282.1,142.19,1681.54,209.69864836871088
IAD-ORD,4-7,2512,346.5583678343949,317.6,135.2,1820.54,170.7780400152691
IAD-ORD,8-14,4776,350.91093174204354,328.6,111.2,1609.6,155.01585612838264
IAD-ORD,15-30,9812,357.43708520179376,338.59,122.6,1609.6,149.98535616272457
IAD-ORD,31-60,15544,340.16248327328873,316.1,128.6,1483.6,130.32208465237346
IAD-PHL,0-3,1794,479.7840078037904,490.2,106.7,2042.6,175.00063688081698
IAD-PHL,4-7,2719,464.7561493196028,496.0,106.7,1239.6,140.43861425319128
IAD-PHL,8-14,5028,464.1161097852029,495.1,132.7,1442.01,132.17527567966758
IAD-PHL,15-30,8492,415.0509397079604,412.0,218.59,1467.59,124.12930360613495
IAD-PHL,31-60,12507,383.50282401854963,366.3,129.1,1051.6,128.80426619652437
IAD-SFO,0-3,3842,558.9076054138469,547.6,302.21,2201.61,131.1710012755238
IAD-SFO,4-7,5167,567.6763924908071,537.6,279.6,2448.71,148.0553819746519
IAD-SFO,8-14,8390,582.7126817640049,538.6,268.7,2398.1,156.81349295563803
IAD-SFO,15-30,13513,633.2274765041072,628.6,208.61,2558.7,167.35064132478462
IAD-SFO,31-60,18885,608.204494572412,607.22,208.61,2355.2,165.22476038415166
JFK-ATL,0-3,2889,368.5124991346487,297.1,102.6,1359.61,173.30954985946892
JFK-ATL,4-7,3849,343.5663652896856,296.1,89.6,1001.59,153.11931374536968
JFK-ATL,8-14,6462,343.8279247910864,297.6,89.6,983.61,151.18616570808442
JFK-ATL,15-30,12089,331.80405161717266,298.59,89.6,1291.61,135.69019524454356
JFK-ATL,31-60,18600,327.896911827957,297.1,98.6,1164.6,143.37003168948954
JFK-BOS,0-3,3168,206.83131944444443,153.6,54.6,1535.6,152.01314889914354
JFK-BOS,4-7,4306,197.51121226196005,148.6,48.6,780.59,127.32315917450767
JFK-BOS,8-14,7615,197.6278870650033,148.6,48.6,1535.6,131.67571345240452
JFK-BOS,15-30,13530,196.75077087952698,148.6,43.6,1535.6,131.72866273402468
JFK-BOS,31-60,21303,192.76728301178238,143.6,43.6,1454.6,127.41170581089658
JFK-CLT,0-3,3700,319.4318189189189,228.6,143.6,1697.1,179.21562441967427
JFK-CLT,4-7,4943,304.7137001820757,228.6,121.6,1487.1,139.314614857866
JFK-CLT,8-14,8110,294.14512207151665,237.2,121.6,1477.09,126.25847599572562
JFK-CLT,15-30,11331,267.0118144912188,217.61,102.6,1702.6,127.64583210693289
JFK-CLT,31-60,17318,252.42455133387227,201.6,102.6,857.6,117.21543427064636
JFK-DEN,0-3,2708,492.35731536189076,535.6,138.6,2239.61,184.3110799352998
JFK-DEN,4-7,3787,505.0754132558754,541.1,138.6,1257.6,162.80362038322752
JFK-DEN,8-14,7100,526.982533802817,551.61,138.6,1312.21,146.30546110563753
JFK-DEN,15-30,13683,550.2143089965651,571.2,118.6,1897.6,134.5210451342784
JFK-DEN,31-60,21269,541.3522793737365,575.6,118.6,1262.69,140.92000398268297
JFK-DFW,0-3,3242,390.57887415175816,288.6,78.6,2601.6,250.56140609920146
JFK-DFW,4-7,3978,432.9635319255908,398.6,68.6,1296.62,237.8197063058203
JFK-DFW,8-14,6664,440.9590471188476,395.695,68.6,1246.61,223.67343525651194
JFK-DFW,15-30,11302,442.561880198195,386.7,68.6,1246.61,210.72435098850357
JFK-DFW,31-60,19947,436.43212563292724,363.61,90.6,1256.6,216.9530155463421
JFK-DTW,0-3,2033,404.24714707329076,382.7,123.61,1958.6,180.12972804896637
JFK-DTW,4-7,2679,365.7750615901456,348.6,102.6,1003.1,156.87094230875985
JFK-DTW,8-14,4654,343.89079716373016,313.6,102.6,1111.61,154.43889205377334
JFK-DTW,15-30,7955,323.59299182903834,300.1,88.6,1371.61,153.68226085214886
JFK-DTW,31-60,13876,327.3894263476506,302.11,88.6,1191.6,141.64166087860332
JFK-IAD,0-3,2051,423.19904436860065,402.1,298.6,1038.21,79.73757393621068
JFK-IAD,4-7,2950,412.2435661016949,398.7,248.6,1287.11,83.15183000996623
JFK-IAD,8-14,5157,400.03646499903044,396.09,158.6,1333.7,89.98522685887221
JFK-IAD,15-30,7705,375.5922375081116,391.09,98.6,1261.61,114.52706128426738
JFK-IAD,31-60,11939,376.1406206549962,398.09,98.6,1271.61,120.53188784658754
JFK-LAX,0-3,6017,557.8919029416653,395.6,198.6,4752.6,438.99586502963433
JFK-LAX,4-7,7827,526.7166002299732,411.6,158.6,4752.6,360.38500684848776
JFK-LAX,8-14,13747,523.7454077253219,437.6,158.6,4752.6,312.53159153102786
JFK-LAX,15-30,24495,523.6197607675036,480.87,113.6,4782.6,252.08222471016833
JFK-LAX,31-60,38814,495.8337125779358,458.6,113.6,3244.6,249.4679210251225
JFK-MIA,0-3,3170,293.90153943217666,206.6,93.6,2412.6,287.196432328718
JFK-MIA,4-7,4190,218.16355847255372,174.6,88.6,2412.6,147.3023036368759
JFK-MIA,8-14,6967,201.25428161331996,148.6,74.6,1083.21,138.72439285486666
JFK-MIA,15-30,12370,217.8228682295877,198.6,74.6,1058.19,126.0249133197577
JFK-MIA,31-60,20730,222.14621562952243,216.11,73.6,1058.19,123.69408680148726
JFK-OAK,0-3,966,603.488612836439,579.6,267.6,2229.6,198.53222230564464
JFK-OAK,4-7,1407,602.800092395167,579.6,188.6,2908.1,178.91741932972135
JFK-OAK,8-14,2645,623.4238487712665,597.2,168.6,2966.1,209.28577724987568
JFK-OAK,15-30,4898,661.5035973866885,614.195,202.6,3434.1,208.89378732214078
JFK-OAK,31-60,7712,616.4521200726141,598.6,217.61,2844.11,184.94949669944546
JFK-ORD,0-3,4427,430.1341969731195,491.6,93.6,1694.1,177.7260536611951
JFK-ORD,4-7,6243,436.82466122056707,498.2,85.6,1686.6,162.0882547200528
JFK-ORD,8-14,11490,447.183631853786,504.35,85.6,1092.2,151.8963250676058
JFK-ORD,15-30,20992,455.06011766387195,505.7,83.6,1685.6,142.78300968764563
JFK-ORD,31-60,32532,446.9818265092832,492.2,83.6,1102.2,140.0054848995906
JFK-PHL,0-3,1975,431.79359999999997,432.61,131.6,1652.61,167.5257664521548
JFK-PHL,4-7,2233,399.72515450067175,387.2,116.6,1267.6,165.03766418116317
JFK-PHL,8-14,3706,373.98209390178096,342.205,116.6,1284.6,165.54024645496375
JFK-PHL,15-30,6284,329.1470544239338,311.6,101.6,1279.6,152.82900713717063
JFK-PHL,31-60,9870,305.3811317122594,286.6,101.6,743.6,136.7395736822642
JFK-SFO,0-3,3412,522.1729073856975,384.35,258.6,4752.6,417.85148071970934
JFK-SFO,4-7,4594,527.6992925555071,426.7,148.6,4752.6,369.1366828573348
JFK-SFO,8-14,8181,544.3188925559223,458.6,188.6,4752.6,331.57712165709086
JFK-SFO,15-30,14194,544.0862216429477,498.6,108.6,4752.6,275.38334415841086
JFK-SFO,31-60,22836,497.9274837975127,456.6,98.6,2314.6,227.8100615045897
LAX-ATL,0-3,6209,557.5157320019327,581.6,233.99,2118.6,150.48375764683672
LAX-ATL,4-7,8425,536.1811620178041,527.21,216.99,2118.6,135.52524731063673
LAX-ATL,8-14,14458,523.252007884908,507.6,202.78,2118.6,130.36581182657272
LAX-ATL,15-30,24214,526.097140497233,528.6,153.78,1519.6,133.4263231842414
LAX-ATL,31-60,40184,502.11640105514635,498.6,75.99,1536.21,128.23408480029687
LAX-BOS,0-3,6886,565.8398794655824,489.58,210.58,3964.6,330.1640149380303
LAX-BOS,4-7,9483,583.6013793103448,542.6,201.58,2763.6,273.314800003407
LAX-BOS,8-14,17131,592.6048543575973,558.6,201.58,3964.6,246.1964874136564
LAX-BOS,15-30,29844,606.3489518831257,571.4,134.78,3984.6,260.85469328540233
LAX-BOS,31-60,45358,537.4810143745316,517.34,157.96,3564.61,171.1081837925308
LAX-CLT,0-3,4934,548.5672253749493,498.6,165.98,2957.2,246.364672907428
LAX-CLT,4-7,7157,560.27103255554,542.6,187.99,2951.6,196.72191850510205
LAX-CLT,8-14,13458,568.8113003418042,558.6,143.99,3214.6,186.90126505468112
LAX-CLT,15-30,24688,589.4411373946857,567.21,162.99,3220.2,213.85690415153186
LAX-CLT,31-60,37948,540.1012261515759,523.6,75.99,6934.1,194.45133685898702
LAX-DEN,0-3,4034,334.17729796727815,253.6,89.98,1723.6,207.57922371270774
LAX-DEN,4-7,5233,304.8703955665966,258.59,74.78,1723.6,142.16027514014147
LAX-DEN,8-14,9245,295.6624910762574,264.6,59.58,1713.6,145.1297215963164
LAX-DEN,15-30,17116,302.78004966113576,288.6,53.99,2350.6,132.12203630051255
LAX-DEN,31-60,28249,309.7752904527594,292.61,53.99,1723.6,125.66923552986457
LAX-DFW,0-3,5847,373.82428766889,326.6,112.58,2499.6,161.12810794466276
LAX-DFW,4-7,8101,355.2295654857425,334.01,102.58,2499.6,116.99911649939223
LAX-DFW,8-14,14215,347.4644903271193,335.6,83.99,2508.6,122.98852478604519
LAX-DFW,15-30,24879,355.0571301097311,346.59,68.98,1398.6,129.13623975465322
LAX-DFW,31-60,34060,334.07788872577805,321.7,75.99,1622.61,148.23557832168035
LAX-DTW,0-3,5007,574.2124186139405,579.6,213.99,2077.6,168.65291960453192
LAX-DTW,4-7,7171,555.8021210430902,557.6,188.59,2375.6,150.49846093739333
LAX-DTW,8-14,13587,553.3041797306249,556.1,177.78,2314.6,162.39518558849292
LAX-DTW,15-30,23656,554.1421419513019,567.21,120.78,2767.6,155.4072802202793
LAX-DTW,31-60,37226,513.0058695535379,514.0,108.97,2007.61,141.22208571181537
LAX-EWR,0-3,6184,527.7835510996119,478.61,107.6,2257.6,184.64900962000857
LAX-EWR,4-7,8296,529.0710981195757,516.1,170.58,3304.61,159.4803915504263
LAX-EWR,8-14,13809,518.3235933087117,510.26,126.6,3304.61,156.04139288369552
LAX-EWR,15-30,23882,524.2681479775563,515.6,149.78,3304.61,150.20080104035338
LAX-EWR,31-60,37251,494.33587742610933,477.44,135.68,2594.6,130.6163740526335
LAX-IAD,0-3,3878,526.1262377514182,498.6,314.2,2858.1,206.30257179286207
LAX-IAD,4-7,5521,563.9682955986234,537.6,249.6,2296.6,171.32638703669465
LAX-IAD,8-14,10681,594.3367362606498,567.6,132.61,2528.1,172.77013740107557
LAX-IAD,15-30,20581,619.8990739031145,617.2,197.6,2543.71,145.13662774729065
LAX-IAD,31-60,31139,580.9358335206655,566.1,122.6,2494.61,138.91363981460336
LAX-JFK,0-3,5597,671.9427925674469,504.6,263.6,4752.6,591.0019696692556
LAX-JFK,4-7,7897,686.7212916297328,517.11,243.6,4752.6,599.9877683953382
LAX-JFK,8-14,14158,644.354862268682,537.6,158.6,4752.6,427.18412043484307
LAX-JFK,15-30,25392,581.3185345778198,513.6,113.6,4782.6,269.1853330194848
LAX-JFK,31-60,40919,504.24222830469955,487.6,113.6,3313.61,192.4509476401027
LAX-LGA,0-3,6140,491.9376986970684,467.6,147.6,3225.61,154.33670807983148
LAX-LGA,4-7,8773,519.8620392112163,510.61,172.1,3084.1,150.28738260427303
LAX-LGA,8-14,16447,531.5087742445431,517.6,162.1,3324.09,159.3072598376325
LAX-LGA,15-30,28103,552.9527036259474,540.19,179.58,3514.1,176.02834100778787
LAX-LGA,31-60,44138,513.1883934478228,487.6,112.6,3118.1,151.12663080566725
LAX-MIA,0-3,4980,550.5148795180723,507.6,147.6,4351.6,319.97023639682607
LAX-MIA,4-7,7571,541.0532532030115,511.6,147.6,3422.6,229.4923868346314
LAX-MIA,8-14,13161,522.4603981460375,507.6,147.6,3025.6,196.01535402690914
LAX-MIA,15-30,20987,504.80932577309767,503.6,127.6,2364.1,157.58319253039707
LAX-MIA,31-60,31291,484.8072110191429,466.6,118.6,2148.11,164.9035167502197
LAX-OAK,0-3,1723,394.3605455600696,446.2,52.58,1109.01,208.4986006833773
LAX-OAK,4-7,2424,364.70701320132014,424.2,29.59,967.6,196.6413724765192
LAX-OAK,8-14,4609,353.04019527012366,412.37,29.59,931.6,190.73757521596886
LAX-OAK,15-30,8266,360.68293249455604,422.7,30.69,951.6,190.53032446960876
LAX-OAK,31-60,13963,354.02264986034515,367.2,42.79,1201.61,175.04001951958327
LAX-ORD,0-3,5409,459.8357219449066,398.58,218.59,2539.6,185.85036780406958
LAX-ORD,4-7,6815,461.14644900953783,428.6,178.59,2539.6,166.67481673817144
LAX-ORD,8-14,12156,461.8344126357355,428.6,178.59,2518.11,173.12568614369076
LAX-ORD,15-30,20829,460.55501464304575,428.6,124.78,2473.1,165.64254322497632
LAX-ORD,31-60,32298,439.860982104155,428.6,90.16,2837.61,161.2499523802723
LAX-PHL,0-3,4650,521.7710279569893,488.6,183.99,3026.6,166.31571556228712
LAX-PHL,4-7,6469,548.8983876951615,538.6,213.99,2147.6,160.01411247589306
LAX-PHL,8-14,12316,566.4552541409548,565.6,183.78,2508.1,159.1038914772097
LAX-PHL,15-30,22993,583.7225659983474,586.6,176.68,2508.1,157.50820445802285
LAX-PHL,31-60,34131,547.2825794732063,567.6,159.78,2194.61,144.8872095115706
LAX-SFO,0-3,3416,217.42459016393443,178.6,58.6,2023.6,146.56248268377652
LAX-SFO,4-7,4803,211.4644763689361,178.6,43.6,1175.4,128.38673228189154
LAX-SFO,8-14,8594,212.07679892948568,178.6,43.6,1146.41,133.58213328056323
LAX-SFO,15-30,15282,230.55742114906428,197.6,43.6,1753.6,131.7193593184774
LAX-SFO,31-60,23954,222.9484207230525,208.61,43.6,1128.6,112.74641997841881
LGA-ATL,0-3,4556,266.25574846356454,244.6,53.98,2066.61,125.37201471417038
LGA-ATL,4-7,5737,235.82054035210038,211.1,50.98,687.2,77.45728972567137
LGA-ATL,8-14,9423,218.41575400615517,202.6,43.98,843.6,80.98023821517125
LGA-ATL,15-30,16163,211.88491121697703,198.61,43.98,641.61,78.98792965451595
LGA-ATL,31-60,27193,224.87343912036184,207.6,43.98,1039.6,87.47753628676284
LGA-BOS,0-3,3808,177.18011817226892,148.6,54.6,2168.6,104.23755596653356
LGA-BOS,4-7,4680,167.96474145299146,133.6,48.6,652.2,100.44039506717262
LGA-BOS,8-14,8112,162.4906102071006,128.6,48.6,1101.6,99.9976450016618
LGA-BOS,15-30,15825,139.53524612954186,118.6,43.6,1021.6,79.90185471096952
LGA-BOS,31-60,26707,152.77420226906804,118.6,43.6,1027.2,99.5346319846799
LGA-CLT,0-3,5319,254.61048693363412,218.6,143.6,1998.6,126.38570115015398
LGA-CLT,4-7,7007,239.6805094905095,218.6,108.68,826.59,76.57391139326477
LGA-CLT,8-14,11840,233.2679222972973,218.6,99.16,1577.1,86.86596245774086
LGA-CLT,15-30,18303,192.2962913183631,181.6,87.06,711.6,52.201177038467584
LGA-CLT,31-60,30738,191.53740744355522,182.21,56.06,1761.61,59.211037345118584
LGA-DEN,0-3,2988,323.65699799196784,301.6,138.6,2239.1,153.73109924621934
LGA-DEN,4-7,3768,353.8400371549894,332.61,138.6,2203.1,117.08406074137797
LGA-DEN,8-14,6935,383.53586733958184,372.6,133.61,1331.7,121.67198974728065
LGA-DEN,15-30,12470,405.2171483560545,383.61,103.6,2438.7,126.72629745148703
LGA-DEN,31-60,18549,360.33898377271015,354.6,112.6,1042.6,107.45345239383182
LGA-DFW,0-3,5441,249.41988053666606,227.6,78.59,2505.6,153.88106636774626
LGA-DFW,4-7,6370,248.41545211930926,218.6,68.59,2505.6,115.22668654303102
LGA-DFW,8-14,10445,254.91650359023456,257.21,68.59,2114.6,107.07445803358362
LGA-DFW,15-30,18136,267.22294662549626,258.6,68.59,1097.2,91.0934356277416
LGA-DFW,31-60,31316,271.9382513731,244.6,61.97,1011.2,102.96174572764454
LGA-DTW,0-3,3289,279.40559744603223,248.6,124.59,1687.6,124.40985223317224
LGA-DTW,4-7,4236,241.6071222851747,221.58,67.97,728.61,80.74059561265825
LGA-DTW,8-14,7163,215.1219070221974,188.1,55.0,1451.61,79.83777805488042
LGA-DTW,15-30,11550,195.24808225108225,178.6,48.79,954.21,80.38815594483503
LGA-DTW,31-60,21021,219.86639931497075,195.6,48.79,1561.6,97.09761103500071
LGA-IAD,0-3,5176,452.22370170015455,418.7,273.71,1557.6,117.16468219868933
LGA-IAD,4-7,6913,440.6989700564154,423.11,232.69,1797.61,121.51498820879937
LGA-IAD,8-14,12122,420.3667596106253,416.6,158.6,1731.6,131.9612243564832
LGA-IAD,15-30,19622,383.1982310671695,391.09,98.6,2018.11,157.55187366076171
LGA-IAD,31-60,33795,387.19460541500223,401.1,98.6,1964.1,166.34925407079797
LGA-LAX,0-3,6539,395.7705413671816,384.58,138.6,3503.1,161.52221340702317
LGA-LAX,4-7,8885,425.6641834552617,396.07,143.1,2324.1,138.61698710403485
LGA-LAX,8-14,16323,453.89242602462787,444.6,143.1,2187.1,131.87547464069985
LGA-LAX,15-30,29528,497.19461900568956,472.2,135.6,3364.09,171.50528243069562
LGA-LAX,31-60,47132,483.9320777815497,467.6,128.59,3003.11,161.16255963530338
LGA-MIA,0-3,4104,262.353272417154,214.6,42.79,2453.6,193.8360397152857
LGA-MIA,4-7,5290,216.28803969754253,183.6,30.69,681.6,104.2434286938973
LGA-MIA,8-14,9042,201.21888520238883,181.6,30.69,667.6,101.43808456020734
LGA-MIA,15-30,16736,223.48745817399617,207.6,30.69,1107.6,104.57589892616622
LGA-MIA,31-60,30848,245.40937889004152,223.6,30.69,962.2,124.65124980997045
LGA-OAK,0-3,2826,720.2958846426044,670.6,267.6,2736.1,229.26183839972293
LGA-OAK,4-7,3700,744.1465729729731,701.71,256.7,2994.1,233.8406155885298
LGA-OAK,8-14,6546,783.5585487320501,743.1,256.7,3068.09,265.00062328295337
LGA-OAK,15-30,11627,850.9994332157909,771.71,296.7,3074.1,312.95592586157125
LGA-OAK,31-60,20503,792.069602984929,763.1,256.71,2844.11,232.92105583554377
LGA-ORD,0-3,5706,227.50223974763406,193.6,85.6,2099.1,143.68051652167807
LGA-ORD,4-7,7175,209.40769337979094,186.1,85.6,2091.6,80.04342386430295
LGA-ORD,8-14,11996,198.90122874291433,172.6,79.98,2091.6,85.05537667847047
LGA-ORD,15-30,19917,204.5333353416679,181.6,79.98,828.6,99.97517735288594
LGA-ORD,31-60,31932,200.36477232869848,176.6,65.88,1121.59,95.8271141277333
LGA-PHL,0-3,5474,434.7102246985751,431.6,131.6,1627.61,131.98653563639425
LGA-PHL,4-7,6919,412.97814568579275,417.1,116.6,1383.71,126.5649856904349
LGA-PHL,8-14,11377,395.7120497494946,400.6,116.6,1127.6,128.3245984692435
LGA-PHL,15-30,17706,365.7419784253925,347.59,102.6,1137.2,155.35729772039807
LGA-PHL,31-60,28167,337.39341498917173,323.61,101.6,1137.2,138.0720300830159
LGA-SFO,0-3,4585,453.12436859323884,397.11,217.99,2527.61,169.1639946863815
LGA-SFO,4-7,5860,521.9314675767918,521.21,157.6,1837.1,164.95571650830797
LGA-SFO,8-14,10746,585.802916434022,556.1,130.6,3114.1,184.98635763585855
LGA-SFO,15-30,21321,640.5494728202242,631.6,117.6,3264.1,208.4254069687249
LGA-SFO,31-60,33627,601.2534659648497,577.6,164.01,3014.11,197.86471830106396
MIA-ATL,0-3,2610,343.45235249042145,298.6,35.97,2057.1,247.65191226777782
MIA-ATL,4-7,3555,288.2503263009845,250.61,30.69,2049.6,156.8871622987475
MIA-ATL,8-14,6486,280.8369596053037,248.6,30.69,2049.6,165.72494368172343
MIA-ATL,15-30,11695,300.15266951688756,268.6,30.69,2049.6,177.0646445728016
MIA-ATL,31-60,17878,308.8714733191632,256.61,30.69,1871.6,195.24990496764573
MIA-BOS,0-3,4893,252.61511547108114,237.6,62.59,2272.1,110.98968524726877
MIA-BOS,4-7,5755,227.45289487402258,228.6,42.79,2264.6,82.65103556967014
MIA-BOS,8-14,9119,208.136201337866,198.6,30.69,1184.61,86.56844143769605
MIA-BOS,15-30,16816,226.55632254995243,217.61,30.69,1142.6,85.23122047289839
MIA-BOS,31-60,27436,241.33232140253682,233.61,30.69,968.6,99.55273814154886
MIA-CLT,0-3,3758,325.9805215540181,252.2,86.58,2176.6,219.54549057878253
MIA-CLT,4-7,5190,303.74613487475915,308.6,44.58,981.6,130.99687061212114
MIA-CLT,8-14,8861,296.9036801715382,308.6,44.58,1644.6,126.79774819162247
MIA-CLT,15-30,14593,307.74318303296104,308.6,85.58,1891.6,126.97184246573129
MIA-CLT,31-60,20123,296.10057744869056,307.2,56.68,1564.6,130.70363879505965
MIA-DEN,0-3,2541,406.5269421487604,370.6,129.98,1496.6,110.96323766263772
MIA-DEN,4-7,3613,406.4205590921672,371.2,90.59,2438.1,128.07142516487676
MIA-DEN,8-14,6463,422.92046727525917,415.61,70.59,1488.6,144.451773326196
MIA-DEN,15-30,11687,447.90177718832894,432.6,42.79,2548.1,155.71620894764015
MIA-DEN,31-60,18415,414.39015639424383,419.6,42.79,1528.6,137.05426088675858
MIA-DFW,0-3,5697,344.20454274179394,294.6,86.98,2380.6,194.453839980565
MIA-DFW,4-7,7436,319.62996100053795,294.6,82.59,1228.6,107.77177905240079
MIA-DFW,8-14,11510,297.8905456125109,259.6,61.97,1243.6,120.74329356243896
MIA-DFW,15-30,17125,290.9908630656934,254.6,55.0,1133.6,130.98328804282744
MIA-DFW,31-60,26894,274.82803933962964,244.6,55.0,1118.6,104.76415480799568
MIA-DTW,0-3,2958,338.76484448951993,306.6,156.58,1693.6,122.75003073679368
MIA-DTW,4-7,3757,302.14695767899923,294.6,62.0,1107.6,109.31183692461381
MIA-DTW,8-14,5972,260.6394290020094,217.61,42.79,1399.6,115.48961576514913
MIA-DTW,15-30,10472,274.94019194041255,247.61,42.79,1096.6,127.52921911843366
MIA-DTW,31-60,17427,295.09314741493085,247.61,42.79,1318.6,149.07589804695803
MIA-EWR,0-3,2250,254.4205022222222,193.6,67.59,2207.6,186.1080733125955
MIA-EWR,4-7,3001,289.2117627457514,180.6,43.59,3530.27,437.4370247963987
MIA-EWR,8-14,5163,267.9928065078443,188.6,42.79,3530.27,390.86243965306335
MIA-EWR,15-30,10075,261.082088337469,226.6,30.69,3407.5,177.671834417253
MIA-EWR,31-60,17403,287.6146365569155,248.6,30.69,3406.43,175.30200818191202
MIA-IAD,0-3,1268,355.20162460567826,316.1,98.6,2251.1,163.13678045546428
MIA-IAD,4-7,1780,333.42906741573034,316.1,98.6,1048.6,124.10891955461537
MIA-IAD,8-14,3331,340.45968477934554,317.6,98.6,1804.6,137.14952669018618
MIA-IAD,15-30,6524,345.3066247700797,347.2,88.61,1844.61,122.93555312300172
MIA-IAD,31-60,10267,360.510871724944,351.6,112.6,983.6,132.37547887635313
MIA-JFK,0-3,2853,241.9704696810375,184.6,105.6,2412.6,191.73202478506408
MIA-JFK,4-7,3414,242.52574692442883,174.6,88.6,3419.33,337.46336753650553
MIA-JFK,8-14,5996,221.7991777851901,139.6,74.6,3544.35,265.5334314155952
MIA-JFK,15-30,11774,224.2531773399015,198.6,74.6,3418.25,154.82775388764261
MIA-JFK,31-60,19301,230.8090363193617,214.61,73.6,3544.35,177.39284575200222
MIA-LAX,0-3,4142,407.26439401255436,361.58,138.6,3021.6,197.6776618660493
MIA-LAX,4-7,5844,412.0895739219713,370.6,133.6,1348.6,134.83528972821208
MIA-LAX,8-14,10285,416.5074876033058,408.6,123.61,2417.6,135.38034634264193
MIA-LAX,15-30,17598,420.5177571314922,403.6,125.34,2354.1,143.51748029362406
MIA-LAX,31-60,28361,420.61327915094677,403.6,103.6,2158.11,162.19489386427423
MIA-LGA,0-3,3541,223.07602089805138,184.6,82.59,2453.6,134.57514915281072
MIA-LGA,4-7,4451,197.79857110761625,174.6,61.97,826.59,107.18033322083193
MIA-LGA,8-14,7700,189.78438181818183,139.6,42.79,937.61,113.40720181944845
MIA-LGA,15-30,16036,214.3824744325268,198.6,30.69,1202.6,112.76465223990743
MIA-LGA,31-60,28964,239.3002585968789,223.6,30.69,1255.09,135.2380011735046
MIA-OAK,0-3,1059,731.5412842304061,745.08,177.96,2234.1,322.98509351536944
MIA-OAK,4-7,1471,743.5684160435078,762.7,158.78,2309.1,353.056215768531
MIA-OAK,8-14,2693,726.1043520237653,757.1,146.68,2234.1,346.13506380192524
MIA-OAK,15-30,4758,745.9784321143337,757.895,137.78,2279.1,368.92679814851846
MIA-OAK,31-60,7908,723.0755386949925,747.1,128.78,2069.11,367.5186243541257
MIA-ORD,0-3,4152,295.6214499036609,222.6,99.6,2579.6,255.53950712941418
MIA-ORD,4-7,4869,270.09939617991375,227.6,61.97,2570.6,129.328963475937
MIA-ORD,8-14,7504,270.56439765458424,245.6,40.6,2570.6,119.76747769058755
MIA-ORD,15-30,14162,291.10667137409973,254.6,30.69,1853.61,122.95121693076416
MIA-ORD,31-60,25838,293.7669765461723,248.6,42.79,1138.6,120.21410892597854
MIA-PHL,0-3,3388,283.72896694214876,223.6,37.98,2586.6,201.31492876105338
MIA-PHL,4-7,4532,267.81017210944395,212.6,30.69,1308.6,142.08561854269362
MIA-PHL,8-14,7489,264.93511550273735,212.6,30.69,778.59,136.25433120895784
MIA-PHL,15-30,13442,280.44715369736645,236.6,30.69,1863.6,134.99046266897471
MIA-PHL,31-60,23122,292.41626589395383,240.6,30.69,1132.59,148.7051760250325
MIA-SFO,0-3,3222,492.5267318435755,491.6,232.6,3620.59,194.9429647773983
MIA-SFO,4-7,4496,512.0933429715302,508.6,202.6,2214.6,144.25621429916885
MIA-SFO,8-14,8255,545.7874972743791,525.59,167.21,2062.11,144.4673212887288
MIA-SFO,15-30,14164,572.3218667043208,552.2,187.6,2354.6,138.42966515926304
MIA-SFO,31-60,22208,556.3453867975504,531.19,162.2,2397.2,184.71307032625657
OAK-ATL,0-3,2432,678.1545024671053,704.69,173.99,1924.7,226.0565103788338
OAK-ATL,4-7,3256,673.2149477886978,698.09,170.58,1977.1,233.06421859198554
OAK-ATL,8-14,5822,652.3832806595672,667.2,143.99,2287.11,247.48248321116574
OAK-ATL,15-30,10628,661.1550150545728,667.6,112.78,2207.1,241.64053850190803
OAK-ATL,31-60,17743,627.0399070055797,637.2,123.98,2057.11,227.44775224396278
OAK-BOS,0-3,1650,685.570503030303,666.1,221.96,2386.1,210.31685254994306
OAK-BOS,4-7,2376,737.0987163299664,748.6,218.58,2800.1,215.64008959705333
OAK-BOS,8-14,4824,772.7540526533998,771.7,235.68,2984.1,224.97192237106609
OAK-BOS,15-30,9169,803.4469713163923,783.6,134.78,2933.09,231.03710975367724
OAK-BOS,31-60,12666,720.3945176061899,715.7,162.96,2773.11,223.26402059893027
OAK-CLT,0-3,1379,757.1717693981145,722.08,173.99,1630.5,254.820330440048
OAK-CLT,4-7,1856,774.7075000000001,772.71,173.99,2229.6,246.79630162427006
OAK-CLT,8-14,3221,756.3153647935424,767.1,153.99,2264.1,226.43805446228245
OAK-CLT,15-30,5908,780.7463320920785,786.32,113.99,2279.1,228.65098476735173
OAK-CLT,31-60,8452,748.1126467108377,747.1,113.99,2174.1,231.4213821891025
OAK-DEN,0-3,2097,461.51232713400094,487.19,79.98,1641.7,185.36336858296812
OAK-DEN,4-7,2984,448.4503853887399,481.6,67.88,1663.69,175.68167459915136
OAK-DEN,8-14,5728,440.34752618715083,481.59,48.69,1703.69,191.09722978063212
OAK-DEN,15-30,9396,426.63977756492125,477.59,48.69,1703.69,182.90953285461546
OAK-DEN,31-60,15159,405.8453275282011,461.6,58.99,2898.6,161.01319737347788
OAK-DFW,0-3,2929,490.6502253328781,517.11,148.58,1877.6,173.67736519131955
OAK-DFW,4-7,4283,482.3430492645342,518.7,101.58,1577.6,193.93020336695554
OAK-DFW,8-14,7719,459.1190983287991,517.11,77.58,1267.6,210.2867854921474
OAK-DFW,15-30,12371,447.9858693719182,445.2,79.97,1267.6,219.9391218446117
OAK-DFW,31-60,19611,452.9403079904136,426.58,75.99,1227.7,219.76985393436968
OAK-DTW,0-3,1958,681.4932584269663,697.11,246.58,1483.09,215.6632536202924
OAK-DTW,4-7,2728,680.7205461876833,728.4100000000001,205.68,1877.1,220.6711949135441
OAK-DTW,8-14,4580,660.9410305676856,716.6,205.58,1947.1,222.46553830411744
OAK-DTW,15-30,7878,684.2966387407971,737.11,120.78,2097.11,228.6203641734795
OAK-DTW,31-60,12907,643.7382009762144,687.6,120.78,1987.11,219.84001144800538
OAK-EWR,0-3,1863,619.9085346215782,608.6,181.58,1692.0,153.92382423623627
OAK-EWR,4-7,2237,627.8997049620027,617.59,157.58,2493.1,181.05098216506914
OAK-EWR,8-14,3944,619.9442596348885,608.6,157.68,2469.69,184.43796652692177
OAK-EWR,15-30,6990,651.3063333333334,647.6,130.59,2338.1,190.96969409621678
OAK-EWR,31-60,9705,626.2785213807316,637.2,126.58,2288.71,200.11093177031003
OAK-IAD,0-3,1635,708.510880733945,667.2,351.6,2234.1,184.5896562747496
OAK-IAD,4-7,2258,727.7626527900798,692.71,338.7,2473.69,203.79725082335875
OAK-IAD,8-14,4128,747.6506710271318,716.69,326.1,2484.1,205.81573584402597
OAK-IAD,15-30,6721,779.7526781728909,741.59,368.6,2478.1,204.4207753612987
OAK-IAD,31-60,9211,720.1380816415156,711.59,274.1,2283.11,182.1901645417338
OAK-JFK,0-3,813,605.2396678966791,588.6,267.6,2229.6,213.10869645833426
OAK-JFK,4-7,1354,607.4055465288035,608.6,178.6,2229.6,157.57406742760807
OAK-JFK,8-14,3035,620.0649324546953,596.6,242.6,4021.71,199.43487684107188
OAK-JFK,15-30,5954,649.9632096069869,608.6,309.6,3594.1,201.63600116878476
OAK-JFK,31-60,9173,604.2430895017987,597.21,247.6,2881.71,148.1950396277949
OAK-LAX,0-3,1712,393.99507593457946,470.61,52.58,1192.0,201.95659883897233
OAK-LAX,4-7,2316,374.5994689119171,451.6,29.59,931.6,199.00510938039218
OAK-LAX,8-14,4868,382.70234182415777,452.69,29.59,1231.6,198.53870303850766
OAK-LAX,15-30,8901,387.1267408156387,451.6,30.69,1391.6,197.31788012757335
OAK-LAX,31-60,13882,365.6919211929117,415.4,42.79,1012.0,181.8736209083422
OAK-LGA,0-3,2844,793.3291701828412,731.595,272.1,3584.09,291.95172058341285
OAK-LGA,4-7,3472,827.2112096774193,766.11,263.71,3584.09,298.4147946037684
OAK-LGA,8-14,6266,823.015336737951,762.405,263.71,3264.1,317.45950297485246
OAK-LGA,15-30,10536,855.9497238041004,772.7,241.7,3674.09,317.9638786272648
OAK-LGA,31-60,16875,788.8586317037037,761.1,156.78,2874.11,234.2881724588871
OAK-MIA,0-3,1158,827.4196286701209,797.09,213.58,3144.1,283.5858386797357
OAK-MIA,4-7,1602,814.6663670411986,802.7,211.58,2458.7,273.27030402697574
OAK-MIA,8-14,3106,801.0323470701868,782.7,130.58,2513.7,281.92979625963335
OAK-MIA,15-30,5391,802.7043053236877,788.6,148.59,2593.69,272.9621430637075
OAK-MIA,31-60,8414,775.7869229855004,792.395,158.78,2139.11,247.17934909647983
OAK-ORD,0-3,2201,560.0960745115856,545.2,200.59,2102.1,184.7113107531021
OAK-ORD,4-7,2931,538.3541692255203,534.2,168.59,2234.1,196.41275846387833
OAK-ORD,8-14,5622,536.8307221629314,541.2,174.59,2308.7,201.35769166258908
OAK-ORD,15-30,10056,548.1434437151948,587.2,75.59,2503.7,227.52229256140222
OAK-ORD,31-60,15863,506.74393053016456,541.6,75.59,2243.71,193.80737684956912
OAK-PHL,0-3,1945,700.4340616966581,737.1,123.98,2274.1,255.15228335060831
OAK-PHL,4-7,2646,698.1592932728647,747.09,153.99,2114.11,234.39066187985355
OAK-PHL,8-14,4352,692.7244416360294,736.08,151.58,2269.1,257.4427546541856
OAK-PHL,15-30,6782,689.2283352993218,735.2049999999999,135.59,2363.71,261.7448037377628
OAK-PHL,31-60,10422,655.4776223373633,697.09,105.59,2293.71,251.21569280595114
OAK-SFO,0-3,2451,442.1325418196655,417.21,217.2,1955.39,120.67192719317991
OAK-SFO,4-7,2869,419.82542349250616,407.2,152.2,1629.6,99.50795808886946
OAK-SFO,8-14,5437,408.8371454846423,401.6,121.6,1673.6,92.35111753892123
OAK-SFO,15-30,8869,414.1427894914872,408.2,117.6,1481.6,90.5764768285184
OAK-SFO,31-60,15438,420.60759295245504,418.99,117.6,1653.6,98.70047071728176
ORD-ATL,0-3,4000,287.78677500000003,238.6,110.59,1718.6,152.52081840723002
ORD-ATL,4-7,5050,299.2772811881188,247.6,110.59,1587.2,140.29195500219672
ORD-ATL,8-14,7921,295.21401211968185,260.11,81.59,1563.15,135.1773974398008
ORD-ATL,15-30,11987,283.89093017435556,271.58,42.79,942.6,106.85636686329516
ORD-ATL,31-60,19623,285.1931300005096,272.6,42.79,1004.6,107.27499046519037
ORD-BOS,0-3,4219,231.50686655605594,205.6,63.6,2361.61,171.44734101953435
ORD-BOS,4-7,5487,260.13981592855845,238.6,56.6,2361.61,126.297288604191
ORD-BOS,8-14,9915,278.18630458900657,248.6,63.6,2361.61,136.736525760687
ORD-BOS,15-30,16918,276.66928478543565,248.6,63.6,1961.6,117.30564578897507
ORD-BOS,31-60,23893,246.0591060143138,219.6,66.06,1961.6,97.05658322515993
ORD-CLT,0-3,3748,245.90491462113127,202.6,156.6,2061.6,120.61856908375377
ORD-CLT,4-7,4529,244.1058754691985,200.6,152.2,1007.55,112.45686368974997
ORD-CLT,8-14,7471,237.9481448266631,191.6,139.96,1096.14,113.52824263790359
ORD-CLT,15-30,13100,263.44879465648853,229.6,90.16,1067.56,112.53858577454234
ORD-CLT,31-60,21319,258.48467986303297,238.6,90.16,1513.6,95.94269888574476
ORD-DEN,0-3,2204,319.3177949183303,268.6,232.6,1978.6,119.42183000880718
ORD-DEN,4-7,2800,353.52599642857143,332.4,215.6,1796.1,125.28230217486865
ORD-DEN,8-14,5329,387.25546256333274,348.6,172.6,1709.6,160.303327993352
ORD-DEN,15-30,9458,391.19383590611125,351.6,162.41,1754.6,151.48471108514158
ORD-DEN,31-60,16105,388.35359143123253,362.19,132.4,2309.2,170.76120893696125
ORD-DFW,0-3,4483,326.03820209681015,266.6,164.2,2249.6,139.30096547963473
ORD-DFW,4-7,5624,337.43605440967286,278.6,99.16,1487.6,143.79049727004164
ORD-DFW,8-14,8958,321.29417838803306,274.6,79.98,1674.6,141.27741063753876
ORD-DFW,15-30,14715,316.6031933401291,279.6,72.59,1176.15,132.65228953153695
ORD-DFW,31-60,22963,304.59440796063234,279.19,72.59,1573.59,116.6106733329485
ORD-DTW,0-3,1595,270.5157178683386,202.6,170.6,1667.55,178.3670846202934
ORD-DTW,4-7,2004,250.13111776447107,202.6,159.6,1542.15,151.95575428938434
ORD-DTW,8-14,3209,218.15035213462136,188.6,119.6,1486.55,102.75976609348598
ORD-DTW,15-30,5764,238.71067661346288,208.1,108.6,1631.61,127.85158181451199
ORD-DTW,31-60,9104,227.1022583479789,211.61,108.6,1461.61,84.41189185629665
ORD-EWR,0-3,4044,259.40745054401583,208.61,85.6,1498.61,150.4948012889239
ORD-EWR,4-7,5025,248.7603243781095,228.6,85.6,1298.6,120.11092885482331
ORD-EWR,8-14,8326,252.69610136920494,228.6,85.6,1498.61,119.36544844189956
ORD-EWR,15-30,14680,263.6075040871935,248.6,77.68,1498.61,108.05794519345835
ORD-EWR,31-60,22069,267.7553618197472,254.6,65.88,1228.6,106.51991018008869
ORD-IAD,0-3,1682,300.5284066587396,238.6,136.7,1628.14,161.21583310390088
ORD-IAD,4-7,2326,318.9580524505589,282.1,161.7,1612.14,161.44625221180473
ORD-IAD,8-14,4474,333.64908359409924,313.59,151.6,1543.15,144.99625521043163
ORD-IAD,15-30,10607,340.95532101442444,305.7,122.6,1563.6,132.2035041263612
ORD-IAD,31-60,17436,335.8880224822207,311.1,128.6,1483.6,123.74273186502195
ORD-JFK,0-3,4295,410.2191618160652,477.2,93.6,1695.6,180.4862571895057
ORD-JFK,4-7,5772,425.7002858627859,487.2,85.6,997.59,165.02680703228225
ORD-JFK,8-14,10740,444.6992532588455,492.2,85.6,1941.59,153.86128247008207
ORD-JFK,15-30,19611,446.4213992147265,497.6,85.6,1151.61,143.38527954781463
ORD-JFK,31-60,30030,444.0364195804196,487.2,83.6,1156.6,139.14708715920617
ORD-LAX,0-3,7136,374.7142727017938,351.6,206.58,2539.6,82.88428575264884
ORD-LAX,4-7,7830,375.4146424010217,351.6,158.59,1348.6,106.51835616356976
ORD-LAX,8-14,11580,387.8181070811745,342.6,118.59,2269.6,145.4515935539125
ORD-LAX,15-30,19478,406.2415335250026,371.6,118.59,2269.6,152.06649626624477
ORD-LAX,31-60,30447,404.56604887181004,371.6,98.59,3107.6,173.86654430164361
ORD-LGA,0-3,5901,212.47493136756484,192.58,85.6,2091.6,87.99268638030806
ORD-LGA,4-7,7455,203.7134071093226,186.1,85.6,628.6,71.68497415419395
ORD-LGA,8-14,12042,197.11555721640923,168.61,79.98,1067.6,87.18137618028054
ORD-LGA,15-30,20309,206.43410901570732,173.6,77.78,837.6,108.34266774951526
ORD-LGA,31-60,32808,201.55925140209706,176.6,55.88,828.6,98.9179085767885
ORD-MIA,0-3,4129,304.27736255751995,222.6,99.6,2579.6,282.35088161099566
ORD-MIA,4-7,5058,274.3154527481218,218.6,61.97,2570.6,143.10415418564017
ORD-MIA,8-14,7338,264.5095761787953,229.6,30.69,2570.6,128.3053715228508
ORD-MIA,15-30,13839,274.92996603800856,245.6,30.69,1904.6,119.16128774371202
ORD-MIA,31-60,24610,268.853068264933,244.6,30.69,1833.61,98.88235011023455
ORD-OAK,0-3,1837,533.0429232444202,538.7,200.59,1850.49,188.94538520424186
ORD-OAK,4-7,2353,505.879158521037,535.6,160.59,1353.1,181.7754093340934
ORD-OAK,8-14,4391,509.7248212252334,541.2,120.59,2239.1,203.2994358262013
ORD-OAK,15-30,7700,524.9745792207792,557.21,75.59,2239.1,206.34867768400545
ORD-OAK,31-60,12706,506.1998032425626,551.21,75.59,2111.7,192.5376018210131
ORD-PHL,0-3,2772,274.2181313131313,215.6,126.7,2169.6,130.57014936032272
ORD-PHL,4-7,3341,282.79314277162524,211.6,99.16,1162.54,138.72530043715
ORD-PHL,8-14,5511,289.9313228089276,230.6,79.98,1563.6,151.00747625586123
ORD-PHL,15-30,9565,314.7308207004705,273.6,79.98,2294.6,162.01764846368843
ORD-PHL,31-60,14881,302.2073449364962,264.58,66.06,1403.56,149.48229442453942
ORD-SFO,0-3,4314,393.37269819193324,351.6,342.6,2628.6,103.88132959462722
ORD-SFO,4-7,4576,431.64273601398605,376.61,248.2,2177.6,141.0313910053577
ORD-SFO,8-14,7310,478.95582900136804,444.59,190.6,2628.6,152.77640494497751
ORD-SFO,15-30,13169,508.2004594122561,482.59,178.6,2177.6,150.844694464624
ORD-SFO,31-60,17164,484.69364367280355,455.6,192.59,2404.01,178.23734225421563
PHL-ATL,0-3,2874,278.96090118302016,223.68,42.79,1627.61,147.3928390454154
PHL-ATL,4-7,3944,262.3762804259635,233.99,40.98,974.6,127.59523433236114
PHL-ATL,8-14,6888,258.2430676538908,244.6,40.98,974.6,133.87132693257573
PHL-ATL,15-30,12462,279.4827315037715,264.59,33.98,1671.6,161.01253793254898
PHL-ATL,31-60,19617,283.19819238415664,276.1,42.79,1671.6,146.9779313764822
PHL-BOS,0-3,2260,245.91943805309737,198.1,33.97,1916.6,143.6417927564564
PHL-BOS,4-7,3026,244.21387640449436,188.6,33.97,901.61,141.52026505148044
PHL-BOS,8-14,5426,240.88437523037226,198.6,33.97,1021.6,138.70934113473945
PHL-BOS,15-30,8598,214.40155036054898,188.6,38.98,1551.61,128.55183228700878
PHL-BOS,31-60,13035,226.5057683160721,168.61,33.97,1381.6,149.61153131024273
PHL-CLT,0-3,4036,295.032864222002,289.6,103.99,2100.61,184.0070579729581
PHL-CLT,4-7,5095,276.627766437684,247.58,43.98,2100.61,138.40011587694258
PHL-CLT,8-14,8307,268.9829818225593,238.6,43.98,1279.6,135.9646542641833
PHL-CLT,15-30,12366,279.6876605207828,250.58,43.98,1300.6,125.72989983716108
PHL-CLT,31-60,19915,288.1973000251067,263.6,53.99,881.6,125.41550297922691
PHL-DEN,0-3,2842,407.56872624912035,370.6,132.99,2229.6,154.46458011840178
PHL-DEN,4-7,3669,432.62587080948487,400.6,127.99,2229.6,139.0826421025517
PHL-DEN,8-14,6511,471.0834925510674,450.6,122.98,2259.6,144.16313171005828
PHL-DEN,15-30,12665,505.93105882352944,499.6,103.99,2269.6,138.04045348313124
PHL-DEN,31-60,20293,469.2312743310501,461.61,111.78,1743.6,118.63973527895807
PHL-DFW,0-3,4545,350.1333289328933,296.61,129.98,2271.6,163.0589218645613
PHL-DFW,4-7,5706,350.6344479495268,294.6,101.59,2271.6,149.1510391382606
PHL-DFW,8-14,8793,353.7614773114978,294.6,101.59,1557.59,157.0490237408423
PHL-DFW,15-30,14815,380.4094404319946,375.6,100.78,1458.16,157.27361577359449
PHL-DFW,31-60,25173,380.4027346760418,368.6,66.06,1389.15,150.81426710552017
PHL-DTW,0-3,2827,430.0414573753095,508.6,124.59,1636.61,162.928574941979
PHL-DTW,4-7,3639,374.3933910414949,376.1,67.0,1353.6,137.6553080362461
PHL-DTW,8-14,6008,322.84265146471375,356.59,67.0,1391.6,118.9197829275837
PHL-DTW,15-30,8850,288.96527118644065,278.6,65.0,1471.6,113.46133483381614
PHL-DTW,31-60,13183,281.09593795039063,260.58,55.0,1461.61,120.12605448626593
PHL-EWR,0-3,3297,463.0056505914468,460.7,131.6,2153.59,146.34816224332727
PHL-EWR,4-7,4399,448.683316662878,446.1,116.6,2073.59,161.8428715000087
PHL-EWR,8-14,7877,437.1180373238543,435.09,116.6,2163.59,173.69350625459478
PHL-EWR,15-30,12121,409.3932571570002,387.21,102.6,2163.59,192.3962435845946
PHL-EWR,31-60,20340,406.43445968534905,396.69,96.6,1853.61,177.17720825478645
PHL-IAD,0-3,2363,491.85735082522217,490.2,137.7,1968.1,159.30562944593402
PHL-IAD,4-7,3017,465.71208153795163,467.7,177.71,1269.6,134.5169653896065
PHL-IAD,8-14,4914,451.92836589336594,446.6,151.69,1239.6,126.96630088133924
PHL-IAD,15-30,7410,401.9265452091768,382.1,201.7,1067.6,125.52461615287365
PHL-IAD,31-60,10791,369.74270595866926,343.2,129.1,1007.61,118.76800878989745
PHL-JFK,0-3,2048,406.829482421875,391.59,131.6,1557.6,164.06375472357308
PHL-JFK,4-7,2269,368.22773909211105,321.6,116.6,2253.6,163.04362591645483
PHL-JFK,8-14,3670,334.844174386921,281.6,116.6,1247.6,151.0175372187892
PHL-JFK,15-30,6197,289.42581571728255,264.6,102.6,777.21,132.7500389601895
PHL-JFK,31-60,9087,268.3917365467151,242.2,101.6,725.3,113.92232920688271
PHL-LAX,0-3,5506,409.91215401380316,370.6,250.59,3026.6,110.74237652027125
PHL-LAX,4-7,6290,425.8492766295708,398.6,191.68,1525.6,115.85483962524117
PHL-LAX,8-14,10582,463.0820034020034,438.6,183.78,2224.61,141.6997327024548
PHL-LAX,15-30,19483,516.9370399835755,511.6,176.68,3244.1,164.28605158442545
PHL-LAX,31-60,31875,512.3678945882353,507.1,159.78,3193.1,168.6866427273115
PHL-LGA,0-3,5655,428.6550822281167,428.21,131.6,1557.6,133.76043009197443
PHL-LGA,4-7,7550,411.0261165562914,422.61,116.6,898.2,133.21983351721653
PHL-LGA,8-14,12388,391.5021367452373,400.6,116.6,1267.6,133.20212694854638
PHL-LGA,15-30,17382,343.91697388102637,329.6,101.6,1217.19,146.93801464352518
PHL-LGA,31-60,24712,311.40131838782776,295.2,101.6,1993.6,128.7283962521912
PHL-MIA,0-3,3234,307.0091558441558,232.6,30.69,2586.6,233.29737088673963
PHL-MIA,4-7,4423,269.65387067601176,212.6,30.69,2586.6,143.97085736010462
PHL-MIA,8-14,7707,257.2958427403659,212.6,30.69,1133.6,132.80898395126687
PHL-MIA,15-30,13207,267.7917468009389,226.58,30.69,1863.6,136.7556091409087
PHL-MIA,31-60,24419,282.4362864982186,235.6,30.69,1128.6,149.1953799852344
PHL-OAK,0-3,1697,673.4362993517974,647.1,245.59,2222.1,220.81246325235074
PHL-OAK,4-7,1990,689.0381005025126,672.7,225.59,2234.1,197.8339962011103
PHL-OAK,8-14,3613,718.3735233877665,747.09,165.59,2279.1,198.11784535924983
PHL-OAK,15-30,6072,755.4034881422925,772.7,135.59,2321.71,210.91678936715695
PHL-OAK,31-60,9751,733.6631114757461,767.1,105.59,2313.71,218.1302296835183
PHL-ORD,0-3,2750,273.45010545454545,215.6,122.78,2177.1,161.32218924377494
PHL-ORD,4-7,3367,272.3175556875557,211.6,122.78,1551.55,129.5089940640757
PHL-ORD,8-14,5476,281.56544558071585,224.6,87.06,2169.6,152.81467484255316
PHL-ORD,15-30,9216,296.93115993923607,257.6,66.06,1921.54,156.76544302971146
PHL-ORD,31-60,14716,289.24334601793964,253.6,66.06,1694.56,148.48279633217456
PHL-SFO,0-3,2991,508.2222868605818,488.6,278.02,2860.6,188.73620577945837
PHL-SFO,4-7,4102,555.5212384202828,517.6,241.61,2319.6,174.94534726620333
PHL-SFO,8-14,8250,609.7680533333333,607.1,241.61,2273.71,166.8704752830619
PHL-SFO,15-30,15665,648.757687200766,657.19,213.58,2214.6,157.486815869969
PHL-SFO,31-60,22445,614.2572804633548,602.69,154.01,2512.11,174.3019359900178
SFO-ATL,0-3,4146,638.5047949831162,598.61,233.99,2201.6,181.913800121813
SFO-ATL,4-7,5192,625.3859726502311,598.61,217.99,2091.6,161.76693123028127
SFO-ATL,8-14,8565,616.1333064798599,595.1,173.99,2478.1,178.92224611706828
SFO-ATL,15-30,14240,625.3712373595506,614.01,153.99,2221.6,151.45019144194183
SFO-ATL,31-60,23716,589.0611144375106,574.01,93.99,1680.11,140.4027142811941
SFO-BOS,0-3,3997,582.4756217162873,547.6,258.6,2521.1,255.05179957071346
SFO-BOS,4-7,6312,639.8512563371356,597.205,258.6,2415.6,240.70482955536676
SFO-BOS,8-14,12362,663.6757239928814,642.74,192.6,3218.1,229.3054427391847
SFO-BOS,15-30,22996,687.2107192555228,669.6,154.6,3376.6,215.4885463502532
SFO-BOS,31-60,32126,602.1539466475753,577.6,134.6,3155.2,178.07893532331875
SFO-CLT,0-3,3416,657.1087324355973,639.7,187.99,2954.6,247.01842207387844
SFO-CLT,4-7,4909,675.1983927480139,658.6,187.99,2954.6,231.7608975324016
SFO-CLT,8-14,9023,674.891143743766,665.6,165.6,2994.09,194.9509398912619
SFO-CLT,15-30,18362,695.2803283955997,674.6,165.6,3214.6,196.81276673041626
SFO-CLT,31-60,26669,638.9325542765008,628.6,193.99,3214.6,192.69007828440914
SFO-DEN,0-3,3388,411.2387987012987,358.6,133.98,1810.6,199.80915216375885
SFO-DEN,4-7,4787,402.97383956548987,358.6,133.98,1810.6,178.38497594342928
SFO-DEN,8-14,8727,391.89288071502233,355.6,92.99,1849.6,168.9788384750964
SFO-DEN,15-30,15650,416.23742683706075,394.01,75.99,2567.2,195.05127258413583
SFO-DEN,31-60,21197,377.6308270038213,358.6,58.99,2567.2,201.14280541116383
SFO-DFW,0-3,2583,463.09725512969413,448.6,118.98,2203.6,243.44747191581047
SFO-DFW,4-7,3457,473.7633815446919,448.6,108.99,2203.6,204.03594379394795
SFO-DFW,8-14,6149,469.5311221336803,446.59,122.98,2203.6,193.34862543698023
SFO-DFW,15-30,10400,457.9680461538461,438.6,81.59,2203.6,158.91942934469148
SFO-DFW,31-60,15381,437.53988297249856,392.61,75.99,1964.6,205.6879579786755
SFO-DTW,0-3,4063,676.5819714496678,607.61,187.99,2571.6,255.55661586859142
SFO-DTW,4-7,5281,703.5240920280249,638.6,187.99,2684.6,291.50027695048664
SFO-DTW,8-14,8214,707.8609520331142,642.61,217.99,7554.2,351.4001952863165
SFO-DTW,15-30,14663,712.5274043510877,661.6,214.0,8260.61,289.0259288738832
SFO-DTW,31-60,24530,664.0366180187525,617.21,75.99,8260.61,320.0929292286602
SFO-EWR,0-3,4496,591.7967526690392,558.6,258.6,3498.6,239.54770238243833
SFO-EWR,4-7,5678,601.9400369848539,558.6,157.6,3498.6,209.48511112234993
SFO-EWR,8-14,9549,597.3128317101267,556.6,130.6,3498.6,245.3459033274861
SFO-EWR,15-30,17510,620.5065499714449,590.6,117.6,3433.6,233.86100025370644
SFO-EWR,31-60,24577,566.7335073442649,547.6,188.1,3424.6,171.98273578305628
SFO-IAD,0-3,3518,611.8426463899943,601.6,313.2,3129.1,149.7814759662864
SFO-IAD,4-7,4696,629.3721337308348,601.1,279.6,3134.1,191.2271122563429
SFO-IAD,8-14,6960,625.059375,588.6,270.6,2565.7,187.86877344735012
SFO-IAD,15-30,13704,671.1700904845301,658.6,208.61,2794.1,175.53422378534015
SFO-IAD,31-60,22144,632.9172574963873,636.6,208.61,2373.11,154.29377022695144
SFO-JFK,0-3,3432,692.191284965035,537.6,258.6,4752.6,524.0148229949791
SFO-JFK,4-7,4682,738.3316787697565,574.34,258.6,4752.6,617.434948892382
SFO-JFK,8-14,8295,745.2333441832429,577.6,178.6,4752.6,614.940196797859
SFO-JFK,15-30,14821,678.3688043991634,567.6,108.6,4792.6,416.351339979064
SFO-JFK,31-60,22276,545.7175372598311,493.6,98.6,3524.6,251.61401683632815
SFO-LAX,0-3,3388,228.21236127508854,181.6,58.6,2023.6,150.53926483935416
SFO-LAX,4-7,4682,219.2295044852627,179.6,43.6,2023.6,133.34598392535747
SFO-LAX,8-14,8550,226.17731578947368,188.6,43.6,1771.59,144.47009428759577
SFO-LAX,15-30,15082,243.72479909826282,208.61,43.6,1530.6,142.26321882262909
SFO-LAX,31-60,23201,226.73523727425544,208.61,43.6,1535.6,117.71920912561515
SFO-LGA,0-3,4461,603.1388836583726,571.59,267.6,3008.1,206.62833303166389
SFO-LGA,4-7,6690,649.2027713004485,634.605,237.6,3507.6,200.15018002274343
SFO-LGA,8-14,12388,672.1402058443655,648.61,157.6,3334.1,210.75943753747893
SFO-LGA,15-30,22292,694.4620558944913,667.2,130.6,3374.1,229.82864543833628
SFO-LGA,31-60,33111,646.62074204947,627.2,189.1,3034.1,230.41450071384693
SFO-MIA,0-3,3810,645.4079186351706,640.1500000000001,232.6,3004.61,214.53449078495456
SFO-MIA,4-7,5360,651.5210391791045,640.6,202.6,3004.61,189.0374195578203
SFO-MIA,8-14,9676,645.8260706903679,631.6,214.99,3004.61,183.92750423512229
SFO-MIA,15-30,17008,644.627152516463,643.655,182.99,2624.59,144.68662570957414
SFO-MIA,31-60,25994,603.1547407093944,602.61,182.6,2638.09,175.61628751816116
SFO-OAK,0-3,2211,418.89478516508365,411.6,217.2,1797.6,119.05650649127213
SFO-OAK,4-7,2855,404.8055061295972,401.6,167.2,1691.59,106.91341557118689
SFO-OAK,8-14,5037,397.29383363112964,391.61,131.61,1781.59,94.4188599820413
SFO-OAK,15-30,8518,413.55703216717535,407.2,121.6,1673.6,99.60396379657206
SFO-OAK,31-60,14089,424.90636879835336,421.61,121.6,1653.6,102.3919779778583
SFO-ORD,0-3,3452,588.2049884125145,527.6,310.6,2628.6,250.45605908073347
SFO-ORD,4-7,4795,604.849015641293,565.71,260.6,2628.6,207.5101732304939
SFO-ORD,8-14,8949,613.108642306403,578.6,190.6,2640.6,220.683901647132
SFO-ORD,15-30,16306,615.3937716178094,594.6,190.6,2648.6,188.94330245433906
SFO-ORD,31-60,22115,571.815073027357,541.6,218.6,2233.61,186.56259291937332
SFO-PHL,0-3,3256,638.1878132678132,618.395,183.99,2860.6,215.89491674740128
SFO-PHL,4-7,4854,664.4927832715287,662.6,279.6,2860.6,188.57186159769518
SFO-PHL,8-14,9263,675.4017456547555,668.6,269.6,2860.6,179.48993467059256
SFO-PHL,15-30,15146,692.8964868612175,677.6,235.6,3657.1,180.50432691637766
SFO-PHL,31-60,20921,646.6098374838679,643.21,183.22,2413.71,195.75058951695507
